timeStamp,pressureHPA,pressureINHG,temperature,humidity,visibility,currentCondition,forecastCondition,temperatureHigh,temperatureLow,conditionCode,forecastCode
6/20/2015 13:17:57,1019.641628,30.11,66,81,3,Light Rain,Cloudy,72,69,11,26
6/20/2015 13:48:05,1019.641628,30.11,66,81,3,Light Rain,Cloudy,72,69,11,26
6/20/2015 14:18:13,1018.96435,30.09,65,84,6,Cloudy,Cloudy,72,69,26,26
6/20/2015 14:48:25,1018.96435,30.09,65,84,7,Cloudy,Cloudy,72,69,26,26
6/20/2015 15:18:35,1018.96435,30.09,66,84,7,Cloudy,Rain,72,69,26,12
6/20/2015 15:48:44,1018.96435,30.09,66,84,7,Cloudy,Rain,72,69,26,12
6/20/2015 16:18:52,1018.287072,30.07,68,81,7,Cloudy,Rain,72,69,26,12
6/20/2015 16:49:00,1017.609794,30.05,68,81,5,Cloudy,Rain,72,69,26,12
6/20/2015 17:19:07,1017.609794,30.05,68,84,5,Cloudy,Rain,72,69,26,12
6/20/2015 17:49:15,1017.271155,30.04,68,87,3,Cloudy,Heavy Rain,72,69,26,40
6/20/2015 18:19:22,1016.593878,30.02,69,87,4,Cloudy,Heavy Rain,72,69,26,40
6/20/2015 18:49:31,1016.593878,30.02,69,87,4,Cloudy,Heavy Rain,72,69,26,40
6/20/2015 19:19:40,1016.593878,30.02,69,87,4,Cloudy,Heavy Rain,72,69,26,40
6/20/2015 19:49:48,1016.593878,30.02,69,87,4,Cloudy,Heavy Rain,72,69,26,40
6/20/2015 20:19:55,1015.9166,30,69,84,4,Haze,Heavy Rain,72,69,21,40
6/20/2015 20:50:04,1015.9166,30,69,84,4,Haze,Thundershowers Late,72,70,21,45
6/20/2015 21:20:12,1014.900683,29.97,68,87,2.5,Fog,Thundershowers Late,72,70,20,45
6/20/2015 21:50:20,1014.900683,29.97,68,90,2.5,Fog,Thundershowers,72,69,20,11
6/20/2015 22:20:28,1014.900683,29.97,69,87,3,Cloudy,Thundershowers,72,69,26,11
6/20/2015 22:50:36,1014.900683,29.97,69,87,3,Cloudy,Thundershowers,72,69,26,11
6/20/2015 23:20:44,1014.223406,29.95,68,90,4,Cloudy,Thundershowers,72,70,26,11
6/20/2015 23:50:52,1013.884767,29.94,69,87,4,Cloudy,Thundershowers,72,70,26,11
6/21/2015 0:21:00,1013.884767,29.94,70,87,4,Cloudy,Thundershowers,72,70,26,11
6/21/2015 0:51:09,1013.884767,29.94,70,87,4,Cloudy,Thundershowers,72,70,26,11
6/21/2015 1:22:18,1011.852934,29.88,72,87,5,Cloudy,Thundershowers,72,70,26,11
6/21/2015 1:52:27,1011.852934,29.88,72,87,5,Cloudy,Thundershowers,72,70,26,11
6/21/2015 2:22:36,1011.175656,29.86,73,87,3,Light Rain,Thundershowers,72,70,11,11
6/21/2015 2:52:44,1011.175656,29.86,72,93,2,Light Rain,Thundershowers,72,70,11,11
6/21/2015 3:22:56,1010.498378,29.84,73,90,2.5,Light Rain,AM Thunderstorms,88,72,11,38
6/21/2015 3:53:05,1009.482462,29.81,72,91,2.5,Light Rain,AM Thunderstorms,88,72,11,38
6/21/2015 4:23:13,1009.143823,29.8,72,91,2.5,Fog,AM Thunderstorms,88,72,20,38
6/21/2015 4:53:26,1008.805184,29.79,72,91,2.5,Fog,AM Thunderstorms,88,72,20,38
6/21/2015 5:23:33,1008.466545,29.78,72,91,2,Light Rain,AM Thunderstorms,88,72,11,38
6/21/2015 5:53:42,1007.789267,29.76,72,91,3,Light Rain,AM Clouds/PM Sun,88,72,11,30
6/21/2015 6:23:50,1007.789267,29.76,71,90,2.5,Fog,AM Clouds/PM Sun,88,72,20,30
6/21/2015 6:53:59,1007.450628,29.75,71,90,1.5,Light Rain,AM Clouds/PM Sun,88,72,11,30
6/21/2015 7:24:07,1007.450628,29.75,72,91,1.25,Fog,AM Clouds/PM Sun,89,72,20,30
6/21/2015 7:54:16,1007.111989,29.74,72,91,1.25,Fog,AM Clouds/PM Sun,89,72,20,30
6/21/2015 8:24:24,1007.111989,29.74,73,90,2.5,Fog,AM Thunderstorms,89,72,20,38
6/21/2015 8:54:31,1007.111989,29.74,73,90,4,Cloudy,AM Thunderstorms,89,72,26,38
6/21/2015 9:24:40,1007.111989,29.74,74,91,4,Cloudy,AM Thunderstorms,89,72,26,38
6/21/2015 9:54:48,1006.773351,29.73,74,91,5,Cloudy,Partly Cloudy,89,72,26,30
6/21/2015 10:24:55,1006.434712,29.72,76,87,6,Cloudy,Partly Cloudy,89,72,26,30
6/21/2015 10:55:02,1006.773351,29.73,76,87,9,Cloudy,Partly Cloudy,89,72,26,30
6/21/2015 11:25:10,1006.773351,29.73,77,82,10,Mostly Cloudy,Partly Cloudy,88,72,28,30
6/21/2015 11:55:19,1006.434712,29.72,82,65,10,Partly Cloudy,Partly Cloudy,88,72,30,30
6/21/2015 12:25:28,1006.773351,29.73,82,62,10,Partly Cloudy,Partly Cloudy,88,72,30,30
6/21/2015 12:55:37,1006.773351,29.73,82,62,10,Partly Cloudy,Partly Cloudy,87,72,30,30
6/21/2015 13:25:45,1006.773351,29.73,83,58,10,Mostly Cloudy,Partly Cloudy,87,72,28,30
6/21/2015 13:55:52,1006.773351,29.73,83,58,10,Mostly Cloudy,Partly Cloudy,87,71,28,30
6/21/2015 14:26:00,1007.111989,29.74,84,55,10,Partly Cloudy,Partly Cloudy,87,71,30,30
6/21/2015 14:56:08,1007.111989,29.74,84,55,10,Partly Cloudy,Partly Cloudy,87,71,30,30
6/21/2015 15:26:17,1007.450628,29.75,85,53,10,Mostly Cloudy,Partly Cloudy,87,72,28,29
6/21/2015 15:56:26,1007.450628,29.75,85,53,10,Mostly Cloudy,Partly Cloudy,87,72,28,29
6/21/2015 16:26:34,1007.111989,29.74,86,51,10,Mostly Cloudy,Scattered Thunderstorms,87,71,28,47
6/21/2015 16:56:42,1007.111989,29.74,86,51,10,Mostly Cloudy,Scattered Thunderstorms,87,71,28,47
6/21/2015 17:26:49,1006.773351,29.73,88,48,10,Partly Cloudy,Showers,87,72,30,11
6/21/2015 17:56:57,1006.773351,29.73,88,48,10,Partly Cloudy,Showers,87,72,30,11
6/21/2015 18:27:05,1007.111989,29.74,85,53,10,Partly Cloudy,Showers,87,72,30,11
6/21/2015 18:57:13,1007.111989,29.74,85,53,10,Partly Cloudy,Showers,87,72,30,11
6/21/2015 19:27:21,1008.127906,29.77,78,68,10,Partly Cloudy,Showers,87,72,30,11
6/21/2015 19:57:29,1008.127906,29.77,78,68,10,Partly Cloudy,Showers,87,72,30,11
6/21/2015 20:27:37,1008.805184,29.79,80,64,10,Fair,Showers,87,72,34,11
6/21/2015 20:57:45,1008.805184,29.79,80,64,10,Fair,Partly Cloudy,87,72,34,29
6/21/2015 21:27:53,1009.143823,29.8,82,58,10,Fair,Partly Cloudy,87,72,33,29
6/21/2015 21:58:00,1009.143823,29.8,82,58,10,Fair,Partly Cloudy,87,72,33,29
6/21/2015 22:01:16,1009.8211,29.82,82,58,10,Mostly Cloudy,Partly Cloudy,87,72,27,29
6/21/2015 22:01:32,1009.143823,29.8,82,58,10,Fair,Partly Cloudy,87,72,33,29
6/21/2015 22:01:54,1009.8211,29.82,82,58,10,Mostly Cloudy,Partly Cloudy,87,72,27,29
6/21/2015 22:09:27,1009.8211,29.82,82,58,10,Mostly Cloudy,Partly Cloudy,87,72,27,29
6/21/2015 23:59:35,1010.159739,29.83,73,90,7,Partly Cloudy,Partly Cloudy,87,72,29,29
6/22/2015 0:29:43,1010.837017,29.85,73,90,9,Fair,Partly Cloudy,87,72,33,29
6/22/2015 0:59:51,1010.837017,29.85,73,90,9,Fair,Partly Cloudy,87,72,33,29
6/22/2015 1:29:59,1011.514295,29.87,73,87,9,Fair,Partly Cloudy,87,72,33,29
6/22/2015 2:00:12,1011.514295,29.87,73,87,9,Fair,Partly Cloudy,87,72,33,29
6/22/2015 2:30:21,1011.514295,29.87,73,84,10,Partly Cloudy,Partly Cloudy,87,72,29,29
6/22/2015 3:00:29,1011.514295,29.87,73,84,10,Partly Cloudy,Partly Cloudy,87,72,29,29
6/22/2015 3:30:38,1011.514295,29.87,72,81,10,Fair,Sunny,89,74,33,32
6/22/2015 4:00:47,1011.514295,29.87,72,81,10,Fair,Sunny,89,74,33,32
6/22/2015 4:30:54,1012.191572,29.89,72,76,10,Fair,Mostly Sunny,89,73,33,34
6/22/2015 5:01:04,1012.191572,29.89,72,76,10,Fair,Mostly Sunny,89,73,33,34
6/22/2015 5:31:12,1013.207489,29.92,72,73,10,Fair,Mostly Sunny,89,73,33,34
6/22/2015 6:01:20,1013.207489,29.92,72,73,10,Fair,Sunny,89,73,33,32
6/22/2015 6:31:29,1013.546128,29.93,71,73,10,Fair,Sunny,89,73,34,32
6/22/2015 7:01:38,1014.562045,29.96,72,66,10,Fair,Sunny,89,73,34,32
6/22/2015 7:31:47,1014.562045,29.96,72,66,10,Fair,Sunny,89,73,34,32
6/22/2015 8:01:58,1014.562045,29.96,72,66,10,Fair,Sunny,89,73,34,32
6/22/2015 8:32:08,1014.900683,29.97,72,68,10,Fair,Sunny,89,73,34,32
6/22/2015 9:02:18,1014.900683,29.97,72,68,10,Fair,Sunny,89,73,34,32
6/22/2015 9:32:26,1015.577961,29.99,74,57,10,Fair,Sunny,89,73,34,32
6/22/2015 10:02:36,1015.9166,30,76,54,10,Fair,Sunny,89,73,34,32
6/22/2015 10:32:44,1015.9166,30,76,54,10,Fair,Sunny,89,73,34,32
6/22/2015 11:02:53,1015.9166,30,79,47,10,Fair,Sunny,89,73,34,32
6/22/2015 11:33:02,1015.9166,30,79,47,10,Fair,Sunny,87,73,34,32
6/22/2015 12:03:11,1015.9166,30,79,47,10,Fair,Sunny,87,73,34,32
6/22/2015 12:33:23,1015.9166,30,82,41,10,Fair,Sunny,87,73,34,32
6/22/2015 13:03:32,1015.9166,30,82,41,10,Fair,Sunny,87,73,34,32
6/22/2015 13:33:43,1015.577961,29.99,84,40,10,Fair,Sunny,87,73,34,32
6/22/2015 14:03:52,1015.577961,29.99,84,40,10,Fair,Sunny,87,73,34,32
6/22/2015 14:34:00,1015.577961,29.99,85,40,10,Fair,Sunny,87,73,34,32
6/22/2015 15:04:08,1015.577961,29.99,85,40,10,Fair,Sunny,87,73,34,32
6/22/2015 15:34:17,1016.255239,30.01,86,38,10,Fair,Partly Cloudy,87,73,34,29
6/22/2015 16:04:46,1016.255239,30.01,86,38,10,Fair,Partly Cloudy,87,73,34,29
6/22/2015 16:34:58,1015.9166,30,86,41,10,Partly Cloudy,Partly Cloudy,87,73,30,29
6/22/2015 17:05:07,1015.9166,30,86,41,10,Partly Cloudy,Partly Cloudy,87,73,30,29
6/22/2015 17:35:16,1015.577961,29.99,84,47,10,Partly Cloudy,Partly Cloudy,87,73,30,29
6/22/2015 18:05:25,1015.239322,29.98,85,44,10,Fair,Partly Cloudy,87,73,34,29
6/22/2015 18:35:33,1015.239322,29.98,85,44,10,Fair,Partly Cloudy,87,73,34,29
6/22/2015 19:05:47,1014.900683,29.97,85,44,10,Fair,Partly Cloudy,87,73,34,29
6/22/2015 19:35:56,1014.900683,29.97,85,44,10,Fair,Partly Cloudy,87,73,34,29
6/22/2015 20:06:05,1014.900683,29.97,85,43,10,Fair,Partly Cloudy,87,73,34,29
6/22/2015 20:36:14,1014.900683,29.97,85,43,10,Fair,Partly Cloudy,87,72,34,29
6/22/2015 21:06:24,1015.577961,29.99,84,47,10,Partly Cloudy,Partly Cloudy,87,72,29,29
6/22/2015 21:36:32,1015.577961,29.99,84,47,10,Partly Cloudy,Partly Cloudy,87,72,29,29
6/22/2015 22:06:41,1016.255239,30.01,84,46,10,Fair,Partly Cloudy,87,72,33,29
6/22/2015 22:36:49,1016.255239,30.01,84,46,10,Fair,Partly Cloudy,87,72,33,29
6/22/2015 23:06:58,1016.255239,30.01,82,45,10,Fair,Partly Cloudy,87,72,33,29
6/22/2015 23:16:40,1016.255239,30.01,82,45,10,Fair,Partly Cloudy,87,72,33,29
6/22/2015 23:37:07,1016.255239,30.01,82,45,10,Fair,Partly Cloudy,87,72,33,29
6/23/2015 0:07:16,1015.577961,29.99,80,48,10,Fair,Partly Cloudy,87,72,33,29
6/23/2015 0:37:25,1015.577961,29.99,80,48,10,Fair,Partly Cloudy,87,73,33,29
6/23/2015 1:07:33,1015.239322,29.98,78,52,10,Fair,Partly Cloudy,87,73,33,29
6/23/2015 1:37:42,1015.239322,29.98,78,52,10,Fair,Partly Cloudy,87,73,33,29
6/23/2015 2:07:50,1014.900683,29.97,77,58,10,Fair,Partly Cloudy,87,73,33,29
6/23/2015 2:37:59,1014.900683,29.97,77,58,10,Fair,Partly Cloudy,87,73,33,29
6/23/2015 3:08:08,1014.562045,29.96,77,64,9,Fair,Partly Cloudy,87,73,33,29
6/23/2015 3:38:20,1014.562045,29.96,77,64,9,Fair,Scattered Strong Storms,92,68,33,38
6/23/2015 4:08:31,1014.900683,29.97,76,69,9,Fair,Scattered Strong Storms,92,68,33,38
6/23/2015 4:38:42,1014.900683,29.97,76,69,9,Fair,Strong Storms,92,67,33,3
6/23/2015 5:08:51,1014.900683,29.97,76,69,9,Partly Cloudy,Strong Storms,92,67,29,3
6/23/2015 5:39:00,1014.900683,29.97,76,69,9,Partly Cloudy,Strong Storms,92,67,29,3
6/23/2015 6:09:08,1014.562045,29.96,76,71,9,Partly Cloudy,Strong Storms,92,67,30,3
6/23/2015 6:39:17,1014.562045,29.96,76,71,9,Partly Cloudy,Strong Storms,92,67,30,3
6/23/2015 7:09:26,1014.223406,29.95,76,76,8,Fair,Strong Storms,92,67,34,3
6/23/2015 7:39:33,1014.223406,29.95,76,76,8,Fair,Strong Storms,92,67,34,3
6/23/2015 8:09:42,1013.546128,29.93,77,76,8,Fair,Strong Storms,92,67,34,3
6/23/2015 8:39:50,1013.546128,29.93,77,76,8,Fair,Strong Storms,92,66,34,3
6/23/2015 9:09:59,1013.207489,29.92,79,74,8,Fair,Strong Storms,92,66,34,3
6/23/2015 9:40:08,1013.207489,29.92,79,74,8,Fair,Strong Storms,91,66,34,3
6/23/2015 10:10:16,1012.530211,29.9,82,69,8,Fair,Strong Storms,91,66,34,3
6/23/2015 10:40:24,1012.530211,29.9,82,69,8,Fair,Strong Storms,91,66,34,3
6/23/2015 11:10:33,1011.514295,29.87,85,63,8,Fair,Strong Storms,91,66,34,3
6/23/2015 11:40:42,1011.514295,29.87,85,63,8,Fair,Strong Storms,90,66,34,3
6/23/2015 12:10:51,1011.514295,29.87,88,53,9,Partly Cloudy,Strong Storms,90,66,30,3
6/23/2015 12:41:00,1011.514295,29.87,88,53,9,Partly Cloudy,Strong Storms,90,67,30,3
6/23/2015 13:11:11,1010.837017,29.85,87,53,10,Partly Cloudy,Strong Storms,90,67,30,3
6/23/2015 13:41:20,1010.837017,29.85,87,53,10,Partly Cloudy,Strong Storms,90,67,30,3
6/23/2015 14:11:29,1009.482462,29.81,89,55,9,Fair,Strong Storms,90,66,34,3
6/23/2015 14:41:38,1009.482462,29.81,89,55,9,Fair,Strong Storms,90,66,34,3
6/23/2015 15:11:47,1010.159739,29.83,87,61,8,Mostly Cloudy,Strong Storms,90,66,28,3
6/23/2015 15:41:57,1010.159739,29.83,87,61,8,Mostly Cloudy,Isolated Thunderstorms,90,67,28,47
6/23/2015 16:12:11,1009.143823,29.8,88,53,8,Partly Cloudy,Isolated Thunderstorms,90,67,30,47
6/23/2015 16:42:21,1009.143823,29.8,88,53,8,Partly Cloudy,Partly Cloudy,90,67,30,29
6/23/2015 17:12:29,1008.466545,29.78,88,55,9,Fair,Partly Cloudy,90,67,34,29
6/23/2015 17:42:39,1008.466545,29.78,88,55,9,Fair,Thunderstorms Early,90,67,34,47
6/23/2015 18:12:48,1007.789267,29.76,88,57,9,Partly Cloudy,Thunderstorms Early,90,67,30,47
6/23/2015 18:42:58,1007.789267,29.76,88,57,9,Partly Cloudy,Thunderstorms Early,90,67,30,47
6/23/2015 19:13:09,1008.466545,29.78,85,59,8,Mostly Cloudy,Thunderstorms Early,90,67,28,47
6/23/2015 19:43:23,1008.466545,29.78,85,59,8,Mostly Cloudy,Thunderstorms Early,90,67,28,47
6/23/2015 20:13:31,1008.466545,29.78,81,77,8,Mostly Cloudy,Thunderstorms Early,90,67,28,47
6/23/2015 20:43:44,1008.466545,29.78,81,77,8,Mostly Cloudy,Thunderstorms Early,90,67,28,47
6/23/2015 21:13:53,1008.805184,29.79,80,74,9,Partly Cloudy,Thunderstorms Early,90,67,29,47
6/23/2015 21:44:02,1008.805184,29.79,80,74,9,Partly Cloudy,Isolated Thunderstorms,90,67,29,47
6/23/2015 22:14:11,1009.8211,29.82,81,67,10,Fair,Isolated Thunderstorms,90,67,33,47
6/23/2015 22:44:20,1009.8211,29.82,81,67,10,Fair,Isolated Thunderstorms,90,67,33,47
6/23/2015 23:14:28,1011.175656,29.86,79,72,10,Fair,Mostly Clear,90,67,33,33
6/23/2015 23:44:37,1011.175656,29.86,79,72,10,Fair,Mostly Clear,90,67,33,33
6/24/2015 0:14:47,1011.852934,29.88,78,71,10,Fair,Mostly Clear,90,67,33,33
6/24/2015 0:44:56,1011.852934,29.88,78,71,10,Fair,Mostly Clear,90,67,33,33
6/24/2015 1:15:09,1012.86885,29.91,77,58,10,Partly Cloudy,Mostly Clear,90,67,29,33
6/24/2015 1:45:19,1012.86885,29.91,77,58,10,Partly Cloudy,Mostly Clear,90,67,29,33
6/24/2015 2:15:28,1013.546128,29.93,74,55,10,Fair,Mostly Clear,90,67,33,33
6/24/2015 2:45:37,1013.546128,29.93,74,55,10,Fair,Mostly Clear,90,67,33,33
6/24/2015 3:15:48,1013.546128,29.93,72,57,10,Fair,Mostly Clear,90,67,33,33
6/24/2015 3:45:57,1013.546128,29.93,72,57,10,Fair,Sunny,86,67,33,32
6/24/2015 4:16:07,1014.223406,29.95,70,59,10,Fair,Sunny,86,67,33,32
6/24/2015 4:46:15,1014.223406,29.95,70,59,10,Fair,Sunny,86,67,33,32
6/24/2015 5:16:24,1014.900683,29.97,69,58,10,Fair,Sunny,86,67,33,32
6/24/2015 5:46:33,1014.900683,29.97,69,58,10,Fair,Sunny,86,67,33,32
6/24/2015 6:16:44,1015.577961,29.99,68,61,10,Fair,Sunny,86,67,34,32
6/24/2015 6:47:03,1015.577961,29.99,68,61,10,Fair,Sunny,86,67,34,32
6/24/2015 7:17:12,1016.593878,30.02,68,63,10,Fair,Sunny,86,67,34,32
6/24/2015 7:47:20,1016.593878,30.02,68,63,10,Fair,Sunny,86,67,34,32
6/24/2015 8:17:29,1016.932517,30.03,70,59,10,Fair,Sunny,86,67,34,32
6/24/2015 8:47:38,1016.932517,30.03,70,59,10,Fair,Sunny,86,67,34,32
6/24/2015 9:17:47,1017.271155,30.04,71,57,10,Fair,Sunny,86,67,34,32
6/24/2015 9:47:55,1017.271155,30.04,71,57,10,Fair,Sunny,86,67,34,32
6/24/2015 10:18:04,1017.271155,30.04,73,55,10,Fair,Sunny,86,67,34,32
6/24/2015 10:48:25,1017.271155,30.04,73,55,10,Fair,Sunny,86,67,34,32
6/24/2015 11:18:33,1017.271155,30.04,76,50,10,Fair,Sunny,84,67,34,32
6/24/2015 11:48:42,1017.271155,30.04,76,50,10,Fair,Sunny,84,67,34,32
6/24/2015 12:18:51,1016.932517,30.03,81,44,10,Fair,Sunny,84,67,34,32
6/24/2015 12:49:00,1016.932517,30.03,81,44,10,Fair,Sunny,84,66,34,32
6/24/2015 13:19:08,1016.932517,30.03,81,38,10,Fair,Sunny,84,66,34,32
6/24/2015 13:49:19,1016.932517,30.03,81,38,10,Fair,Sunny,84,66,34,32
6/24/2015 14:19:27,1016.593878,30.02,81,38,10,Fair,Sunny,84,66,34,32
6/24/2015 14:49:37,1016.593878,30.02,81,38,10,Fair,Sunny,84,66,34,32
6/24/2015 15:19:46,1016.593878,30.02,81,38,10,Fair,Clear,84,66,34,31
6/24/2015 15:49:54,1016.593878,30.02,81,38,10,Fair,Clear,84,66,34,31
6/24/2015 16:20:03,1016.255239,30.01,82,41,10,Fair,Clear,84,66,34,31
6/24/2015 16:50:13,1016.255239,30.01,82,41,10,Fair,Clear,84,66,34,31
6/24/2015 17:20:21,1015.9166,30,82,38,10,Partly Cloudy,Clear,84,66,30,31
6/24/2015 17:50:30,1015.9166,30,82,38,10,Partly Cloudy,Clear,84,66,30,31
6/24/2015 18:20:39,1016.255239,30.01,83,38,10,Partly Cloudy,Clear,84,66,30,31
6/24/2015 18:50:47,1016.255239,30.01,83,38,10,Partly Cloudy,Clear,84,66,30,31
6/24/2015 19:21:03,1016.593878,30.02,82,37,10,Partly Cloudy,Clear,84,66,30,31
6/24/2015 19:51:12,1016.593878,30.02,82,37,10,Partly Cloudy,Clear,84,66,30,31
6/24/2015 20:21:21,1016.593878,30.02,80,38,10,Fair,Clear,84,66,34,31
6/24/2015 20:51:31,1016.593878,30.02,80,38,10,Fair,Mostly Clear,84,66,34,33
6/24/2015 21:21:43,1016.932517,30.03,79,38,10,Fair,Mostly Clear,84,66,33,33
6/24/2015 21:51:53,1016.932517,30.03,79,38,10,Fair,Mostly Clear,84,66,33,33
6/24/2015 22:22:03,1017.271155,30.04,77,39,10,Fair,Mostly Clear,84,66,33,33
6/24/2015 22:52:12,1017.271155,30.04,77,39,10,Fair,Mostly Clear,84,66,33,33
6/24/2015 23:22:21,1017.609794,30.05,76,40,10,Fair,Partly Cloudy,84,66,33,29
6/24/2015 23:52:30,1017.609794,30.05,76,40,10,Fair,Partly Cloudy,84,66,33,29
6/25/2015 0:22:39,1017.948433,30.06,75,40,10,Fair,Partly Cloudy,84,66,33,29
6/25/2015 0:52:49,1017.948433,30.06,75,40,10,Fair,Partly Cloudy,84,66,33,29
6/25/2015 1:22:57,1018.287072,30.07,73,41,10,Fair,Partly Cloudy,84,66,33,29
6/25/2015 1:53:08,1018.287072,30.07,73,41,10,Fair,Partly Cloudy,84,66,33,29
6/25/2015 2:23:19,1018.287072,30.07,72,41,10,Fair,Partly Cloudy,84,66,33,29
6/25/2015 2:53:28,1018.287072,30.07,72,41,10,Fair,Partly Cloudy,84,66,33,29
6/25/2015 3:23:39,1017.948433,30.06,70,46,10,Fair,Mostly Sunny,82,69,33,34
6/25/2015 3:53:47,1017.948433,30.06,70,46,10,Fair,Mostly Sunny,82,69,33,34
6/25/2015 4:23:56,1017.948433,30.06,70,46,10,Fair,Mostly Sunny,82,69,33,34
6/25/2015 4:54:05,1017.948433,30.06,70,46,10,Fair,Mostly Sunny,82,69,33,34
6/25/2015 5:24:14,1017.948433,30.06,67,52,10,Fair,Mostly Sunny,82,69,33,34
6/25/2015 5:56:20,1017.948433,30.06,67,52,10,Fair,Mostly Sunny,82,69,33,34
6/25/2015 6:26:29,1018.287072,30.07,66,54,10,Fair,Mostly Sunny,82,69,34,34
6/25/2015 6:56:41,1018.287072,30.07,66,54,10,Fair,Mostly Sunny,82,69,34,34
6/25/2015 7:26:50,1019.302989,30.1,67,52,10,Fair,Mostly Sunny,82,69,34,34
6/25/2015 7:56:59,1019.302989,30.1,67,52,10,Fair,Mostly Sunny,82,69,34,34
6/25/2015 8:27:08,1019.302989,30.1,69,49,10,Fair,Mostly Sunny,83,69,34,34
6/25/2015 8:57:17,1019.302989,30.1,69,49,10,Fair,Mostly Sunny,83,69,34,34
6/25/2015 9:27:27,1019.641628,30.11,73,42,10,Fair,Partly Cloudy,82,69,34,30
6/25/2015 9:57:37,1019.641628,30.11,73,42,10,Fair,Partly Cloudy,82,69,34,30
6/25/2015 10:27:47,1019.641628,30.11,75,40,10,Fair,Partly Cloudy,82,69,34,30
6/25/2015 10:57:56,1019.641628,30.11,75,40,10,Fair,Partly Cloudy,82,69,34,30
6/25/2015 11:28:06,1019.302989,30.1,78,37,10,Fair,Partly Cloudy,82,69,34,30
6/25/2015 11:58:15,1019.302989,30.1,78,37,10,Fair,Partly Cloudy,82,69,34,30
6/25/2015 12:28:24,1018.625711,30.08,81,34,10,Fair,Partly Cloudy,82,69,34,30
6/25/2015 12:58:33,1018.625711,30.08,81,34,10,Fair,Partly Cloudy,82,69,34,30
6/25/2015 13:28:43,1017.948433,30.06,83,32,10,Fair,Partly Cloudy,82,69,34,30
6/25/2015 13:58:51,1017.948433,30.06,83,32,10,Fair,Partly Cloudy,83,69,34,30
6/25/2015 14:28:59,1017.271155,30.04,79,39,10,Fair,Partly Cloudy,83,69,34,30
6/26/2015 9:00:37,1014.900683,29.97,73,57,10,Mostly Cloudy,AM Clouds/PM Sun,78,67,28,30
6/26/2015 14:19:41,1015.9166,30,80,42,10,Fair,Few Showers,79,67,34,11
6/26/2015 14:49:50,1015.9166,30,80,42,10,Fair,Few Showers,79,67,34,11
6/26/2015 15:19:58,1015.577961,29.99,79,47,10,Fair,Partly Cloudy,79,67,34,29
6/26/2015 15:50:07,1015.577961,29.99,79,47,10,Fair,Partly Cloudy,79,67,34,29
6/26/2015 16:20:16,1015.577961,29.99,79,44,10,Fair,Partly Cloudy,79,67,34,29
6/26/2015 16:50:24,1015.577961,29.99,79,44,10,Fair,Showers Early,79,67,34,45
6/26/2015 17:20:36,1015.9166,30,77,48,10,Partly Cloudy,Showers Early,79,67,30,45
6/26/2015 17:50:46,1015.9166,30,77,48,10,Partly Cloudy,Showers Early,79,67,30,45
6/26/2015 18:20:55,1016.255239,30.01,77,56,10,Partly Cloudy,Showers Early,79,67,30,45
6/26/2015 18:51:06,1016.255239,30.01,77,56,10,Partly Cloudy,Showers Early,79,67,30,45
6/26/2015 19:21:15,1016.932517,30.03,76,58,10,Partly Cloudy,Partly Cloudy,79,67,30,29
6/26/2015 19:51:30,1016.932517,30.03,76,58,10,Partly Cloudy,Partly Cloudy,79,67,30,29
6/26/2015 20:21:42,1017.609794,30.05,73,61,10,Fair,Partly Cloudy,79,67,34,29
6/26/2015 20:51:50,1017.609794,30.05,73,61,10,Fair,Mostly Cloudy,79,67,34,27
6/26/2015 21:21:59,1017.948433,30.06,71,66,10,Fair,Mostly Cloudy,79,67,33,27
6/26/2015 21:52:09,1017.948433,30.06,71,66,10,Fair,Cloudy,79,67,33,26
6/26/2015 22:22:18,1018.96435,30.09,71,63,10,Fair,Cloudy,79,67,33,26
6/26/2015 22:52:28,1018.96435,30.09,71,63,10,Fair,Cloudy,79,67,33,26
6/26/2015 23:22:37,1019.302989,30.1,70,65,10,Partly Cloudy,Partly Cloudy,79,67,29,29
6/26/2015 23:52:48,1019.302989,30.1,70,65,10,Partly Cloudy,Partly Cloudy,79,67,29,29
6/27/2015 0:22:57,1019.302989,30.1,70,71,10,Mostly Cloudy,Partly Cloudy,79,67,27,29
6/27/2015 0:53:07,1019.302989,30.1,70,71,10,Mostly Cloudy,Partly Cloudy,79,67,27,29
6/27/2015 1:23:15,1019.641628,30.11,70,71,10,Cloudy,Partly Cloudy,79,67,26,29
6/27/2015 1:53:24,1019.641628,30.11,70,71,10,Cloudy,Partly Cloudy,79,67,26,29
6/27/2015 2:23:35,1019.302989,30.1,68,73,10,Fair,Partly Cloudy,79,67,33,29
6/27/2015 2:53:44,1019.302989,30.1,68,73,10,Fair,Partly Cloudy,79,67,33,29
6/27/2015 3:23:53,1019.641628,30.11,68,73,10,Mostly Cloudy,PM Showers,72,66,27,39
6/27/2015 3:54:02,1019.641628,30.11,68,73,10,Mostly Cloudy,PM Showers,72,66,27,39
6/27/2015 4:24:11,1019.641628,30.11,68,73,10,Cloudy,PM Showers,72,66,26,39
6/27/2015 4:54:21,1019.641628,30.11,68,73,10,Cloudy,PM Showers,72,66,26,39
6/27/2015 5:24:29,1019.641628,30.11,69,68,10,Fair,PM Showers,72,66,33,39
6/27/2015 5:54:38,1019.641628,30.11,69,68,10,Fair,PM Showers,72,66,33,39
6/27/2015 6:24:47,1019.980266,30.12,69,68,10,Partly Cloudy,PM Showers,72,66,30,39
6/27/2015 6:54:55,1019.980266,30.12,69,68,10,Partly Cloudy,PM Showers,72,66,30,39
6/27/2015 7:25:05,1020.996183,30.15,68,68,10,Mostly Cloudy,PM Showers,72,66,28,39
6/27/2015 7:55:15,1020.996183,30.15,68,68,10,Mostly Cloudy,PM Showers,72,66,28,39
6/27/2015 8:25:23,1020.996183,30.15,69,65,10,Partly Cloudy,PM Showers,72,66,30,39
6/27/2015 8:55:32,1020.996183,30.15,69,65,10,Partly Cloudy,PM Showers,72,66,30,39
6/27/2015 9:25:41,1020.996183,30.15,69,61,10,Mostly Cloudy,PM Showers,72,66,28,39
6/27/2015 9:55:49,1020.996183,30.15,69,61,10,Mostly Cloudy,Showers,71,66,28,11
6/27/2015 10:25:58,1020.996183,30.15,69,58,10,Cloudy,Showers,71,66,26,11
6/27/2015 10:56:08,1020.996183,30.15,69,58,10,Cloudy,Showers,71,66,26,11
6/27/2015 11:26:17,1019.980266,30.12,69,47,10,Cloudy,Showers,71,66,26,11
6/27/2015 11:56:26,1019.980266,30.12,69,47,10,Cloudy,Showers,71,66,26,11
6/27/2015 12:26:38,1019.980266,30.12,69,49,10,Cloudy,Showers,72,65,26,11
6/27/2015 12:56:46,1019.980266,30.12,69,49,10,Cloudy,Showers,72,65,26,11
6/27/2015 13:26:55,1019.980266,30.12,70,47,10,Cloudy,Showers,72,65,26,11
6/27/2015 13:57:04,1019.980266,30.12,70,47,10,Cloudy,Showers,72,65,26,11
6/27/2015 14:27:14,1020.318905,30.13,69,53,10,Cloudy,Showers,72,65,26,11
6/27/2015 14:57:23,1020.318905,30.13,69,53,10,Cloudy,Showers,72,65,26,11
6/27/2015 15:27:32,1019.641628,30.11,69,57,10,Cloudy,Heavy Thunderstorms,72,65,26,4
6/27/2015 15:57:41,1019.641628,30.11,69,57,10,Cloudy,Heavy Thunderstorms,72,65,26,4
6/27/2015 16:27:54,1019.302989,30.1,65,70,8,Light Rain,Heavy Thunderstorms,72,65,11,4
6/27/2015 16:58:04,1019.302989,30.1,65,70,8,Light Rain,Heavy Thunderstorms,72,65,11,4
6/27/2015 17:28:14,1017.948433,30.06,62,80,5,Light Rain,Heavy Thunderstorms,72,65,11,4
6/27/2015 17:58:23,1017.609794,30.05,60,86,4,Light Rain,Heavy Thunderstorms,72,64,11,4
6/27/2015 18:28:32,1017.948433,30.06,60,90,7,Light Rain,Heavy Thunderstorms,72,64,11,4
6/27/2015 18:58:46,1016.932517,30.03,61,90,2,Rain,Heavy Thunderstorms,72,64,12,4
6/27/2015 19:28:55,1016.593878,30.02,61,87,5,Light Rain,Heavy Thunderstorms,72,62,11,4
6/27/2015 19:59:04,1016.593878,30.02,60,90,1.75,Heavy Rain,Heavy Thunderstorms,72,62,12,4
6/27/2015 20:29:13,1016.593878,30.02,60,90,3,Rain,Heavy Thunderstorms,72,62,12,4
6/27/2015 20:59:21,1015.577961,29.99,59,90,2.5,Rain,Heavy Thunderstorms,72,63,12,4
6/27/2015 21:29:30,1015.9166,30,59,93,3,Rain,Heavy Thunderstorms,72,63,12,4
6/27/2015 21:59:38,1015.9166,30,59,93,3,Rain,Heavy Thunderstorms,72,62,12,4
6/27/2015 22:29:47,1013.884767,29.94,59,90,3,Rain,Heavy Thunderstorms,72,62,12,4
6/27/2015 22:59:57,1013.884767,29.94,60,90,4,Light Rain,Heavy Thunderstorms,72,62,11,4
6/27/2015 23:30:08,1013.546128,29.93,60,93,6,Light Rain,Heavy Thunderstorms,72,61,11,4
6/28/2015 0:00:16,1011.852934,29.88,61,93,3,Light Rain,Heavy Thunderstorms,72,61,11,4
6/28/2015 0:30:30,1011.852934,29.88,61,93,5,Light Rain,Heavy Thunderstorms,72,63,11,4
6/28/2015 1:00:39,1011.175656,29.86,62,90,2.5,Light Rain,Heavy Thunderstorms,72,63,11,4
6/28/2015 1:30:47,1009.8211,29.82,63,90,2.5,Light Rain,Heavy Thunderstorms,72,63,11,4
6/28/2015 2:00:56,1009.143823,29.8,63,90,5,Light Rain,Heavy Thunderstorms,72,63,11,4
6/28/2015 2:31:06,1009.143823,29.8,63,90,5,Light Rain,Heavy Thunderstorms,72,63,11,4
6/28/2015 3:01:15,1009.143823,29.8,63,90,5,Light Rain,Heavy Thunderstorms,72,63,11,4
6/28/2015 3:31:24,1007.450628,29.75,64,90,4,Light Rain,AM Clouds/PM Sun,80,63,11,30
6/28/2015 4:01:35,1006.773351,29.73,64,90,2,Heavy Rain,AM Clouds/PM Sun,80,63,12,30
6/28/2015 4:31:48,1006.434712,29.72,64,90,4,Light Rain,Scattered Thunderstorms,80,63,11,38
6/28/2015 5:02:03,1006.434712,29.72,64,90,4,Light Rain,Scattered Thunderstorms,80,63,11,38
6/28/2015 5:32:15,1006.096073,29.71,64,90,7,Cloudy,Scattered Thunderstorms,80,63,26,38
6/28/2015 6:02:25,1006.096073,29.71,64,90,7,Cloudy,Thundershowers,81,63,26,11
6/28/2015 6:32:33,1005.418795,29.69,64,93,3,Light Rain,Thundershowers,81,63,11,11
6/28/2015 7:02:41,1005.418795,29.69,64,90,2,Fog,Scattered Thunderstorms,81,63,20,38
6/28/2015 7:32:49,1005.418795,29.69,64,90,4,Cloudy,Scattered Thunderstorms,81,63,26,38
6/28/2015 8:02:58,1005.757434,29.7,63,90,4,Cloudy,Scattered Thunderstorms,81,63,26,38
6/28/2015 8:33:08,1005.757434,29.7,63,90,4,Cloudy,AM Clouds/PM Sun,81,63,26,30
6/28/2015 9:03:16,1005.757434,29.7,63,90,10,Cloudy,AM Clouds/PM Sun,81,63,26,30
6/28/2015 9:33:26,1005.757434,29.7,63,90,10,Cloudy,Cloudy,81,63,26,26
6/28/2015 10:03:35,1005.757434,29.7,63,90,10,Cloudy,Cloudy,81,63,26,26
6/28/2015 10:33:43,1005.418795,29.69,63,90,10,Cloudy,Cloudy,81,63,26,26
6/28/2015 11:03:52,1005.418795,29.69,64,87,2.5,Fog,Cloudy,81,63,20,26
6/28/2015 11:34:01,1005.418795,29.69,64,90,5,Cloudy,Cloudy,80,63,26,26
6/28/2015 12:04:10,1005.757434,29.7,65,87,2,Fog,Cloudy,80,63,20,26
6/28/2015 12:34:18,1006.096073,29.71,65,87,1.75,Fog,Cloudy,78,63,20,26
6/28/2015 13:04:30,1006.096073,29.71,64,90,2.5,Fog,Cloudy,78,63,20,26
6/28/2015 13:34:38,1006.096073,29.71,65,87,3,Cloudy,Cloudy,78,63,26,26
6/28/2015 14:04:47,1006.096073,29.71,65,90,3,Cloudy,Cloudy,78,62,26,26
6/28/2015 14:34:56,1006.096073,29.71,67,87,5,Cloudy,Cloudy,78,62,26,26
6/28/2015 15:05:05,1006.434712,29.72,68,84,10,Cloudy,Cloudy,78,62,26,26
6/28/2015 15:35:14,1006.434712,29.72,68,84,10,Cloudy,Partly Cloudy,78,63,26,29
6/28/2015 15:43:40,1006.434712,29.72,70,81,10,Mostly Cloudy,Partly Cloudy,78,63,28,29
6/28/2015 15:46:49,1006.434712,29.72,70,81,10,Mostly Cloudy,Partly Cloudy,78,63,28,29
6/28/2015 16:05:23,1006.434712,29.72,71,73,10,Mostly Cloudy,Partly Cloudy,78,63,28,29
6/28/2015 16:35:31,1006.434712,29.72,71,73,10,Mostly Cloudy,Partly Cloudy,78,63,28,29
6/28/2015 17:05:40,1006.096073,29.71,72,71,10,Cloudy,Partly Cloudy,78,63,26,29
6/28/2015 17:35:49,1006.096073,29.71,72,71,10,Cloudy,Partly Cloudy,78,62,26,29
6/28/2015 18:06:01,1006.434712,29.72,71,70,10,Cloudy,Partly Cloudy,78,62,26,29
6/28/2015 18:36:10,1006.434712,29.72,71,70,10,Cloudy,Partly Cloudy,78,62,26,29
6/28/2015 19:06:20,1007.111989,29.74,72,64,10,Cloudy,Partly Cloudy,78,62,26,29
6/28/2015 19:36:29,1007.111989,29.74,72,64,10,Cloudy,Partly Cloudy,78,62,26,29
6/28/2015 20:06:42,1007.789267,29.76,72,64,10,Cloudy,Partly Cloudy,78,62,26,29
6/28/2015 20:36:50,1007.789267,29.76,72,64,10,Cloudy,Partly Cloudy,78,63,26,29
6/28/2015 21:06:58,1008.127906,29.77,72,61,10,Cloudy,Partly Cloudy,78,63,26,29
6/28/2015 21:37:08,1008.127906,29.77,72,61,10,Cloudy,Partly Cloudy,78,63,26,29
6/28/2015 22:07:16,1008.466545,29.78,72,61,10,Cloudy,Partly Cloudy,78,63,26,29
6/28/2015 22:37:26,1008.466545,29.78,72,61,10,Cloudy,Partly Cloudy,78,63,26,29
6/28/2015 23:07:35,1008.466545,29.78,72,61,10,Cloudy,Partly Cloudy,78,63,26,29
6/28/2015 23:37:44,1008.466545,29.78,72,61,10,Cloudy,Partly Cloudy,78,62,26,29
6/29/2015 0:07:57,1008.127906,29.77,72,61,10,Cloudy,Partly Cloudy,78,62,26,29
6/29/2015 0:38:06,1008.127906,29.77,72,61,10,Cloudy,Partly Cloudy,78,62,26,29
6/29/2015 1:08:16,1008.466545,29.78,70,63,10,Mostly Cloudy,Partly Cloudy,78,62,27,29
6/29/2015 1:38:25,1008.466545,29.78,70,63,10,Mostly Cloudy,Partly Cloudy,78,62,27,29
6/29/2015 2:08:34,1008.805184,29.79,68,65,10,Fair,Partly Cloudy,78,62,33,29
6/29/2015 2:38:43,1008.805184,29.79,68,65,10,Fair,Partly Cloudy,78,62,33,29
6/29/2015 3:08:59,1009.143823,29.8,66,68,10,Fair,Partly Cloudy,78,62,33,29
6/29/2015 3:39:09,1009.143823,29.8,66,68,10,Fair,Partly Cloudy,79,68,33,30
6/29/2015 4:09:18,1010.159739,29.83,65,68,10,Fair,Partly Cloudy,79,68,33,30
6/29/2015 4:39:26,1010.159739,29.83,65,68,10,Fair,Partly Cloudy,79,68,33,30
6/29/2015 5:09:35,1010.837017,29.85,65,65,10,Cloudy,Partly Cloudy,79,68,26,30
6/29/2015 5:39:44,1010.837017,29.85,65,65,10,Cloudy,Partly Cloudy,79,68,26,30
6/29/2015 6:09:53,1011.175656,29.86,63,72,10,Fair,Partly Cloudy,79,68,34,30
6/29/2015 6:40:02,1011.175656,29.86,63,72,10,Fair,Partly Cloudy,79,68,34,30
6/29/2015 7:10:11,1012.191572,29.89,63,70,10,Fair,Partly Cloudy,79,68,34,30
6/29/2015 7:40:19,1012.191572,29.89,63,70,10,Fair,Partly Cloudy,79,68,34,30
6/29/2015 8:10:28,1012.530211,29.9,65,68,10,Fair,Partly Cloudy,79,68,34,30
6/29/2015 8:40:37,1012.530211,29.9,65,68,10,Fair,Partly Cloudy,79,68,34,30
6/29/2015 9:10:45,1012.86885,29.91,67,63,10,Fair,Partly Cloudy,79,68,34,30
6/29/2015 9:40:56,1012.86885,29.91,67,63,10,Fair,Partly Cloudy,78,68,34,30
6/29/2015 10:11:06,1012.86885,29.91,69,58,10,Cloudy,Partly Cloudy,78,68,26,30
6/29/2015 10:41:15,1012.86885,29.91,69,58,10,Cloudy,Partly Cloudy,78,68,26,30
6/29/2015 11:11:26,1013.207489,29.92,70,59,10,Cloudy,Cloudy,77,68,26,26
6/29/2015 11:41:35,1013.207489,29.92,70,59,10,Cloudy,Cloudy,77,68,26,26
6/29/2015 12:11:45,1013.546128,29.93,71,55,10,Cloudy,Cloudy,77,68,26,26
6/29/2015 12:41:54,1013.546128,29.93,71,55,10,Cloudy,Cloudy,77,68,26,26
6/29/2015 13:12:10,1013.207489,29.92,74,53,10,Cloudy,Cloudy,77,68,26,26
6/29/2015 13:42:19,1013.207489,29.92,74,53,10,Cloudy,Cloudy,78,67,26,26
6/29/2015 14:12:28,1013.207489,29.92,74,53,10,Cloudy,Cloudy,78,67,26,26
6/29/2015 14:42:37,1013.207489,29.92,74,53,10,Cloudy,Cloudy,78,67,26,26
6/29/2015 15:12:47,1013.546128,29.93,74,52,10,Cloudy,Mostly Clear,78,68,26,33
6/29/2015 15:42:57,1013.546128,29.93,74,52,10,Cloudy,Mostly Clear,78,68,26,33
6/29/2015 16:13:07,1013.546128,29.93,74,52,10,Cloudy,Mostly Clear,78,68,26,33
6/29/2015 16:43:16,1013.546128,29.93,74,52,10,Cloudy,Mostly Clear,78,68,26,33
6/29/2015 17:13:25,1013.546128,29.93,76,48,10,Partly Cloudy,Mostly Clear,78,68,30,33
6/29/2015 17:43:34,1013.546128,29.93,76,48,10,Partly Cloudy,Mostly Clear,78,67,30,33
6/29/2015 18:13:42,1013.546128,29.93,76,46,10,Fair,Mostly Clear,78,67,34,33
6/29/2015 18:43:51,1013.546128,29.93,76,46,10,Fair,Mostly Clear,78,67,34,33
6/29/2015 19:13:59,1013.884767,29.94,75,50,10,Fair,Clear,78,67,34,31
6/29/2015 19:44:08,1013.884767,29.94,75,50,10,Fair,Clear,78,67,34,31
6/29/2015 20:14:17,1013.884767,29.94,75,48,10,Fair,Clear,78,67,34,31
6/29/2015 20:44:26,1013.884767,29.94,75,48,10,Fair,Clear,78,67,34,31
6/29/2015 21:14:34,1014.223406,29.95,74,50,10,Fair,Clear,78,67,33,31
6/29/2015 21:44:45,1014.223406,29.95,74,50,10,Fair,Clear,78,67,33,31
6/29/2015 22:14:54,1014.900683,29.97,73,51,10,Fair,Clear,78,67,33,31
6/29/2015 22:45:05,1014.900683,29.97,73,51,10,Fair,Clear,78,67,33,31
6/29/2015 23:15:15,1014.900683,29.97,72,57,10,Fair,Clear,78,67,33,31
6/29/2015 23:45:56,1014.900683,29.97,72,57,10,Fair,Clear,78,67,33,31
6/30/2015 0:16:05,1014.900683,29.97,72,55,10,Fair,Clear,78,67,33,31
6/30/2015 0:46:16,1014.900683,29.97,72,55,10,Fair,Clear,78,67,33,31
6/30/2015 1:16:27,1014.900683,29.97,72,57,10,Fair,Clear,78,67,33,31
6/30/2015 1:46:36,1014.900683,29.97,72,57,10,Fair,Clear,78,67,33,31
6/30/2015 2:16:46,1015.239322,29.98,72,57,10,Fair,Clear,78,67,33,31
6/30/2015 2:46:55,1015.239322,29.98,72,57,10,Fair,Clear,78,67,33,31
6/30/2015 3:17:05,1015.239322,29.98,71,59,10,Fair,Mostly Sunny,80,70,33,34
6/30/2015 3:47:14,1015.239322,29.98,71,59,10,Fair,Mostly Sunny,80,70,33,34
6/30/2015 4:17:24,1015.239322,29.98,70,63,10,Fair,Mostly Sunny,80,70,33,34
6/30/2015 4:47:33,1015.239322,29.98,70,63,10,Fair,Mostly Sunny,80,70,33,34
6/30/2015 5:17:41,1015.239322,29.98,69,65,10,Fair,Mostly Sunny,80,70,33,34
6/30/2015 5:47:50,1015.239322,29.98,69,65,10,Fair,Mostly Sunny,80,70,33,34
6/30/2015 6:18:00,1015.577961,29.99,68,70,10,Mostly Cloudy,Mostly Sunny,80,70,28,34
6/30/2015 6:48:10,1015.577961,29.99,68,70,10,Mostly Cloudy,Mostly Sunny,80,70,28,34
6/30/2015 7:18:19,1015.9166,30,70,68,10,Fair,Mostly Sunny,80,70,34,34
6/30/2015 7:48:27,1015.9166,30,70,68,10,Fair,Mostly Sunny,80,70,34,34
6/30/2015 8:18:35,1016.593878,30.02,73,61,10,Mostly Cloudy,Partly Cloudy,80,70,28,30
6/30/2015 8:48:45,1016.593878,30.02,73,61,10,Mostly Cloudy,Partly Cloudy,80,70,28,30
6/30/2015 9:18:54,1015.9166,30,75,55,10,Fair,Partly Cloudy,80,70,34,30
6/30/2015 9:49:04,1015.9166,30,75,55,10,Fair,Partly Cloudy,80,70,34,30
6/30/2015 10:19:12,1015.9166,30,77,50,10,Partly Cloudy,Partly Cloudy,80,70,30,30
6/30/2015 10:49:20,1015.9166,30,77,50,10,Partly Cloudy,Partly Cloudy,80,70,30,30
6/30/2015 11:19:29,1015.577961,29.99,78,54,10,Partly Cloudy,Partly Cloudy,80,70,30,30
6/30/2015 11:49:37,1015.577961,29.99,78,54,10,Partly Cloudy,Partly Cloudy,80,70,30,30
6/30/2015 12:19:46,1015.239322,29.98,79,45,10,Fair,Partly Cloudy,80,70,34,30
6/30/2015 12:49:56,1015.239322,29.98,79,45,10,Fair,Partly Cloudy,81,70,34,30
6/30/2015 13:20:05,1015.239322,29.98,79,47,10,Mostly Cloudy,Partly Cloudy,81,70,28,30
6/30/2015 13:50:13,1015.239322,29.98,79,47,10,Mostly Cloudy,Partly Cloudy,78,70,28,30
6/30/2015 14:20:23,1014.562045,29.96,81,42,10,Partly Cloudy,Partly Cloudy,78,70,30,30
6/30/2015 14:50:32,1014.562045,29.96,81,42,10,Partly Cloudy,Partly Cloudy,78,70,30,30
6/30/2015 15:20:40,1013.546128,29.93,80,47,10,Fair,Thunderstorms Late,78,70,34,4
6/30/2015 15:50:49,1013.546128,29.93,80,47,10,Fair,Thunderstorms Late,78,70,34,4
6/30/2015 16:21:04,1013.546128,29.93,80,47,10,Fair,Thunderstorms Late,78,70,34,4
6/30/2015 16:51:37,1013.546128,29.93,80,47,10,Fair,Scattered Thunderstorms,78,70,34,47
6/30/2015 17:21:45,1013.207489,29.92,76,60,10,Fair,Scattered Thunderstorms,78,70,34,47
6/30/2015 17:51:54,1013.207489,29.92,76,60,10,Fair,Scattered Thunderstorms,78,70,34,47
6/30/2015 18:22:03,1012.86885,29.91,76,67,10,Partly Cloudy,Scattered Thunderstorms,78,70,30,47
6/30/2015 18:52:13,1012.86885,29.91,76,67,10,Partly Cloudy,Scattered Thunderstorms,78,70,30,47
6/30/2015 19:22:23,1012.86885,29.91,75,71,10,Partly Cloudy,Scattered Thunderstorms,78,70,30,47
6/30/2015 19:52:32,1012.86885,29.91,75,71,10,Mostly Cloudy,Scattered Thunderstorms,78,70,28,47
6/30/2015 20:22:41,1013.207489,29.92,75,71,10,Mostly Cloudy,Scattered Thunderstorms,78,70,28,47
6/30/2015 20:52:51,1012.86885,29.91,74,73,10,Mostly Cloudy,Scattered Thunderstorms,78,70,27,47
6/30/2015 21:23:01,1012.86885,29.91,74,73,10,Mostly Cloudy,Scattered Thunderstorms,78,70,27,47
6/30/2015 21:53:10,1012.86885,29.91,74,73,10,Mostly Cloudy,Scattered Thunderstorms,78,70,27,47
6/30/2015 22:23:26,1012.530211,29.9,74,79,10,Cloudy,Scattered Thunderstorms,78,70,26,47
6/30/2015 22:53:34,1012.530211,29.9,74,79,10,Cloudy,Scattered Thunderstorms,78,70,26,47
6/30/2015 23:23:43,1012.530211,29.9,74,82,10,Mostly Cloudy,Scattered Thunderstorms,78,70,27,47
6/30/2015 23:53:54,1011.852934,29.88,74,82,10,Cloudy,Scattered Thunderstorms,78,70,26,47
7/1/2015 0:24:02,1011.514295,29.87,74,82,10,Cloudy,Scattered Thunderstorms,78,70,26,47
7/1/2015 0:54:10,1011.175656,29.86,73,87,6,Cloudy,Scattered Thunderstorms,78,70,26,47
7/1/2015 1:24:21,1011.175656,29.86,73,87,5,Cloudy,Scattered Thunderstorms,78,70,26,47
7/1/2015 1:54:34,1011.175656,29.86,73,87,5,Cloudy,Scattered Thunderstorms,78,70,26,47
7/1/2015 2:24:42,1009.8211,29.82,73,87,4,Cloudy,Scattered Thunderstorms,78,70,26,47
7/1/2015 2:54:53,1009.8211,29.82,73,87,4,Cloudy,Scattered Thunderstorms,78,70,26,47
7/1/2015 3:25:05,1009.8211,29.82,73,87,4,Cloudy,AM Thunderstorms,85,69,26,38
7/1/2015 3:55:15,1009.8211,29.82,73,87,4,Cloudy,AM Thunderstorms,85,69,26,38
7/1/2015 4:25:26,1008.805184,29.79,73,90,5,Light Rain,AM Thunderstorms,85,69,11,38
7/1/2015 4:55:34,1009.8211,29.82,72,91,0.25,Heavy Rain,AM Thunderstorms,85,69,12,38
7/1/2015 5:25:43,1008.805184,29.79,69,90,8,Mostly Cloudy,AM Thunderstorms,85,69,27,38
7/1/2015 5:55:53,1008.805184,29.79,69,90,8,Mostly Cloudy,AM Thunderstorms,86,69,27,38
7/1/2015 6:26:03,1008.805184,29.79,70,87,6,Cloudy,AM Thunderstorms,86,69,26,38
7/1/2015 6:56:13,1008.805184,29.79,70,87,6,Cloudy,AM Thunderstorms,86,69,26,38
7/1/2015 7:26:23,1009.143823,29.8,69,90,4,Mostly Cloudy,Partly Cloudy,86,69,28,30
7/1/2015 7:56:35,1009.143823,29.8,69,90,4,Mostly Cloudy,Partly Cloudy,86,69,28,30
7/1/2015 8:26:44,1009.482462,29.81,70,87,5,Fair,Partly Cloudy,86,69,34,30
7/1/2015 8:56:54,1009.8211,29.82,71,84,5,Mostly Cloudy,Partly Cloudy,86,69,28,30
7/1/2015 9:27:04,1009.8211,29.82,71,87,5,Mostly Cloudy,Partly Cloudy,86,69,28,30
7/1/2015 9:57:14,1009.8211,29.82,71,84,6,Partly Cloudy,Partly Cloudy,86,69,30,30
7/1/2015 10:27:23,1010.159739,29.83,73,76,7,Mostly Cloudy,Partly Cloudy,86,69,28,30
7/1/2015 10:57:32,1010.159739,29.83,73,76,7,Mostly Cloudy,Partly Cloudy,86,69,28,30
7/1/2015 11:27:41,1009.8211,29.82,75,71,8,Partly Cloudy,Partly Cloudy,86,69,30,30
7/1/2015 11:57:51,1009.8211,29.82,75,69,8,Mostly Cloudy,Partly Cloudy,86,69,28,30
7/1/2015 12:28:00,1009.8211,29.82,77,62,8,Mostly Cloudy,Partly Cloudy,86,69,28,30
7/1/2015 12:58:10,1009.8211,29.82,77,62,8,Mostly Cloudy,Partly Cloudy,85,69,28,30
7/1/2015 13:28:21,1009.8211,29.82,78,56,9,Partly Cloudy,Partly Cloudy,85,69,30,30
7/1/2015 13:58:29,1009.8211,29.82,78,56,9,Partly Cloudy,Partly Cloudy,83,68,30,30
7/1/2015 14:28:40,1009.482462,29.81,79,56,9,Partly Cloudy,Partly Cloudy,83,68,30,30
7/1/2015 14:58:49,1009.482462,29.81,79,56,9,Partly Cloudy,Partly Cloudy,83,68,30,30
7/1/2015 15:29:00,1008.805184,29.79,79,56,8,Mostly Cloudy,Partly Cloudy,83,69,28,29
7/1/2015 15:59:09,1008.805184,29.79,79,56,8,Mostly Cloudy,Partly Cloudy,83,69,28,29
7/1/2015 16:29:18,1008.466545,29.78,81,50,7,Partly Cloudy,Partly Cloudy,83,69,30,29
7/1/2015 16:59:28,1008.466545,29.78,81,50,7,Partly Cloudy,Partly Cloudy,83,69,30,29
7/1/2015 17:29:37,1008.805184,29.79,82,51,7,Mostly Cloudy,Partly Cloudy,83,68,28,29
7/1/2015 17:59:46,1008.805184,29.79,82,51,7,Mostly Cloudy,Partly Cloudy,83,68,28,29
7/1/2015 18:29:55,1009.143823,29.8,81,49,7,Fair,Partly Cloudy,83,68,34,29
7/1/2015 19:00:04,1009.143823,29.8,81,49,7,Fair,Partly Cloudy,83,68,34,29
7/1/2015 19:30:15,1009.143823,29.8,81,45,7,Fair,Partly Cloudy,83,68,34,29
7/1/2015 20:00:24,1009.143823,29.8,81,45,7,Fair,Partly Cloudy,83,68,34,29
7/1/2015 20:30:33,1009.8211,29.82,81,44,8,Fair,Partly Cloudy,83,68,34,29
7/1/2015 21:00:41,1009.8211,29.82,81,44,8,Fair,Partly Cloudy,83,68,34,29
7/1/2015 21:30:50,1010.837017,29.85,79,47,9,Fair,Partly Cloudy,83,68,33,29
7/1/2015 22:00:58,1010.837017,29.85,79,47,9,Fair,Partly Cloudy,83,68,33,29
7/1/2015 22:31:08,1011.852934,29.88,78,46,9,Fair,Partly Cloudy,83,68,33,29
7/1/2015 23:01:17,1011.852934,29.88,78,46,9,Fair,Partly Cloudy,83,68,33,29
7/1/2015 23:31:30,1012.191572,29.89,78,48,9,Partly Cloudy,Partly Cloudy,83,68,29,29
7/2/2015 0:01:40,1012.191572,29.89,78,48,9,Partly Cloudy,Partly Cloudy,83,68,29,29
7/2/2015 0:31:51,1012.530211,29.9,77,52,9,Fair,Partly Cloudy,83,69,33,29
7/2/2015 1:02:00,1012.530211,29.9,75,55,8,Fair,Partly Cloudy,83,69,33,29
7/2/2015 1:32:09,1012.530211,29.9,75,55,8,Fair,Partly Cloudy,83,69,33,29
7/2/2015 2:02:20,1012.530211,29.9,73,61,8,Fair,Partly Cloudy,83,69,33,29
7/2/2015 2:32:29,1012.530211,29.9,73,61,8,Fair,Partly Cloudy,83,69,33,29
7/2/2015 3:02:38,1012.530211,29.9,72,61,9,Fair,Partly Cloudy,83,69,33,29
7/2/2015 3:32:49,1012.530211,29.9,72,61,9,Fair,Partly Cloudy,80,66,33,30
7/2/2015 4:02:58,1012.530211,29.9,72,59,10,Fair,Partly Cloudy,80,66,33,30
7/2/2015 4:33:06,1012.530211,29.9,72,59,10,Fair,Partly Cloudy,80,66,33,30
7/2/2015 5:03:17,1012.530211,29.9,72,59,10,Fair,Partly Cloudy,80,66,33,30
7/2/2015 5:33:27,1012.530211,29.9,70,65,10,Fair,Partly Cloudy,80,66,33,30
7/2/2015 6:03:37,1012.530211,29.9,70,65,10,Fair,Mostly Cloudy,80,66,33,28
7/2/2015 6:33:46,1012.86885,29.91,69,68,9,Fair,Mostly Cloudy,80,66,34,28
7/2/2015 7:03:55,1013.207489,29.92,70,61,10,Fair,Mostly Cloudy,80,66,34,28
7/2/2015 7:34:04,1013.207489,29.92,70,61,10,Fair,Mostly Cloudy,80,66,34,28
7/2/2015 8:04:14,1013.546128,29.93,71,61,10,Partly Cloudy,Mostly Cloudy,80,66,30,28
7/2/2015 8:34:23,1013.546128,29.93,71,61,10,Partly Cloudy,Mostly Cloudy,80,66,30,28
7/2/2015 9:04:33,1013.884767,29.94,72,59,10,Partly Cloudy,Mostly Cloudy,80,66,30,28
7/2/2015 9:34:41,1013.884767,29.94,72,59,10,Partly Cloudy,Cloudy,80,66,30,26
7/2/2015 10:04:50,1013.884767,29.94,72,59,10,Partly Cloudy,Cloudy,80,66,30,26
7/2/2015 10:35:23,1014.223406,29.95,74,55,10,Fair,Cloudy,80,66,34,26
7/2/2015 11:05:33,1014.223406,29.95,74,55,10,Fair,Cloudy,80,66,34,26
7/2/2015 11:35:42,1014.223406,29.95,76,52,10,Mostly Cloudy,Cloudy,81,66,28,26
7/2/2015 12:05:51,1014.223406,29.95,76,52,10,Mostly Cloudy,Cloudy,81,66,28,26
7/2/2015 12:35:59,1013.546128,29.93,76,58,10,Partly Cloudy,Cloudy,81,66,30,26
7/2/2015 13:06:08,1013.207489,29.92,79,48,10,Partly Cloudy,Cloudy,81,66,30,26
7/2/2015 13:36:20,1013.207489,29.92,79,48,10,Partly Cloudy,Cloudy,81,66,30,26
7/2/2015 14:06:31,1013.207489,29.92,79,48,10,Fair,Cloudy,79,65,34,26
7/2/2015 14:36:39,1013.207489,29.92,79,48,10,Fair,Cloudy,79,65,34,26
7/2/2015 15:06:50,1012.86885,29.91,76,56,10,Mostly Cloudy,Cloudy,79,65,28,26
7/2/2015 15:36:58,1012.86885,29.91,76,56,10,Mostly Cloudy,Clouds Early/Clearing Late,79,65,28,29
7/2/2015 16:07:08,1012.86885,29.91,76,56,10,Mostly Cloudy,Clouds Early/Clearing Late,79,65,28,29
7/2/2015 16:37:27,1012.86885,29.91,76,56,10,Mostly Cloudy,Clouds Early/Clearing Late,79,65,28,29
7/2/2015 17:07:37,1012.191572,29.89,77,56,10,Fair,Clouds Early/Clearing Late,79,65,34,29
7/2/2015 17:37:47,1012.191572,29.89,77,56,10,Fair,Partly Cloudy,79,65,34,29
7/2/2015 18:07:57,1012.191572,29.89,76,56,10,Fair,Partly Cloudy,79,65,34,29
7/2/2015 18:38:08,1012.191572,29.89,76,56,10,Fair,Partly Cloudy,79,65,34,29
7/2/2015 19:08:18,1012.191572,29.89,74,62,10,Fair,Partly Cloudy,79,65,34,29
7/2/2015 19:38:27,1012.191572,29.89,74,62,10,Fair,Partly Cloudy,79,65,34,29
7/2/2015 20:08:36,1012.191572,29.89,74,57,10,Fair,Partly Cloudy,79,65,34,29
7/2/2015 20:38:49,1012.191572,29.89,74,57,10,Fair,Partly Cloudy,79,65,34,29
7/2/2015 21:08:58,1012.191572,29.89,74,62,10,Fair,Partly Cloudy,79,65,33,29
7/2/2015 21:39:08,1012.191572,29.89,74,62,10,Fair,Partly Cloudy,79,65,33,29
7/2/2015 22:09:16,1012.530211,29.9,74,57,10,Fair,Partly Cloudy,79,65,33,29
7/2/2015 22:39:27,1012.530211,29.9,74,57,10,Fair,Partly Cloudy,79,65,33,29
7/2/2015 23:09:36,1012.530211,29.9,73,61,10,Fair,Partly Cloudy,79,65,33,29
7/2/2015 23:39:46,1012.530211,29.9,73,61,10,Fair,Partly Cloudy,79,65,33,29
7/3/2015 0:09:55,1012.86885,29.91,72,68,9,Fair,Partly Cloudy,79,65,33,29
7/3/2015 0:40:04,1012.86885,29.91,72,68,9,Fair,Partly Cloudy,79,65,33,29
7/3/2015 1:10:17,1013.207489,29.92,71,70,9,Partly Cloudy,Partly Cloudy,79,65,29,29
7/3/2015 1:40:26,1013.207489,29.92,71,70,9,Partly Cloudy,Partly Cloudy,79,65,29,29
7/3/2015 2:10:34,1013.546128,29.93,71,70,9,Fair,Partly Cloudy,79,65,33,29
7/3/2015 2:40:43,1013.546128,29.93,71,70,9,Fair,Partly Cloudy,79,65,33,29
7/3/2015 3:10:51,1013.546128,29.93,70,59,10,Fair,Partly Cloudy,79,65,33,29
7/3/2015 3:41:00,1013.546128,29.93,70,59,10,Fair,Mostly Sunny,82,67,33,34
7/3/2015 4:11:08,1013.546128,29.93,70,53,10,Fair,Mostly Sunny,82,67,33,34
7/3/2015 4:41:18,1013.546128,29.93,70,53,10,Fair,Mostly Sunny,81,67,33,34
7/3/2015 5:11:34,1013.884767,29.94,68,59,10,Fair,Mostly Sunny,81,67,33,34
7/3/2015 5:41:43,1013.884767,29.94,68,59,10,Fair,Mostly Sunny,81,67,33,34
7/3/2015 6:11:54,1014.900683,29.97,66,59,10,Fair,Mostly Sunny,81,67,34,34
7/3/2015 6:42:02,1014.900683,29.97,66,59,10,Fair,Mostly Sunny,81,67,34,34
7/3/2015 7:12:11,1015.239322,29.98,67,59,10,Fair,Mostly Sunny,81,67,34,34
7/3/2015 7:42:20,1015.239322,29.98,67,59,10,Fair,Mostly Sunny,81,67,34,34
7/3/2015 8:12:36,1015.9166,30,68,55,10,Fair,Mostly Sunny,81,67,34,34
7/3/2015 8:42:45,1015.9166,30,68,55,10,Fair,Mostly Sunny,81,67,34,34
7/3/2015 9:12:56,1016.255239,30.01,69,57,10,Fair,Mostly Sunny,81,67,34,34
7/3/2015 9:43:10,1016.255239,30.01,69,57,10,Fair,Mostly Sunny,81,67,34,34
7/3/2015 10:13:20,1016.255239,30.01,71,51,10,Fair,Mostly Sunny,81,67,34,34
7/3/2015 10:43:30,1016.255239,30.01,71,51,10,Fair,Mostly Sunny,81,67,34,34
7/3/2015 11:13:40,1016.593878,30.02,73,44,10,Fair,Partly Cloudy,81,67,34,30
7/3/2015 11:43:51,1016.593878,30.02,73,44,10,Fair,Partly Cloudy,81,67,34,30
7/3/2015 12:14:01,1016.593878,30.02,77,39,10,Fair,Partly Cloudy,81,67,34,30
7/3/2015 12:44:09,1016.593878,30.02,77,39,10,Fair,Partly Cloudy,81,67,34,30
7/3/2015 13:14:18,1016.255239,30.01,79,35,10,Fair,Partly Cloudy,81,67,34,30
7/3/2015 13:44:26,1016.255239,30.01,79,35,10,Fair,Partly Cloudy,81,67,34,30
7/3/2015 14:14:35,1015.9166,30,79,38,10,Fair,Partly Cloudy,81,67,34,30
7/3/2015 14:44:43,1015.9166,30,79,38,10,Fair,Partly Cloudy,81,67,34,30
7/3/2015 15:14:52,1015.9166,30,80,36,10,Fair,Partly Cloudy,81,67,34,30
7/3/2015 15:45:02,1015.9166,30,80,36,10,Fair,Partly Cloudy,81,68,34,29
7/3/2015 16:15:14,1015.577961,29.99,80,39,10,Fair,Partly Cloudy,81,68,34,29
7/3/2015 16:45:23,1015.577961,29.99,80,39,10,Fair,Partly Cloudy,81,67,34,29
7/3/2015 17:15:31,1015.239322,29.98,79,40,10,Fair,Partly Cloudy,81,67,34,29
7/3/2015 17:45:40,1015.239322,29.98,79,40,10,Fair,Mostly Cloudy,81,68,34,27
7/3/2015 18:15:49,1015.239322,29.98,79,44,10,Partly Cloudy,Mostly Cloudy,81,68,30,27
7/3/2015 18:45:59,1015.239322,29.98,79,44,10,Partly Cloudy,Mostly Cloudy,81,68,30,27
7/3/2015 19:16:09,1015.239322,29.98,78,46,10,Fair,Mostly Cloudy,81,68,34,27
7/3/2015 19:46:19,1015.239322,29.98,78,46,10,Fair,Mostly Cloudy,81,68,34,27
7/3/2015 20:16:36,1015.239322,29.98,75,53,10,Fair,Mostly Cloudy,81,68,34,27
7/3/2015 20:46:47,1015.239322,29.98,75,53,10,Fair,Mostly Cloudy,81,68,34,27
7/3/2015 21:16:56,1015.577961,29.99,74,55,10,Fair,Mostly Cloudy,81,68,33,27
7/3/2015 21:47:04,1015.577961,29.99,74,55,10,Fair,Cloudy,81,68,33,26
7/3/2015 22:17:13,1015.9166,30,73,59,10,Fair,Cloudy,81,68,33,26
7/3/2015 22:47:22,1015.9166,30,73,59,10,Fair,Cloudy,81,68,33,26
7/3/2015 23:17:30,1016.255239,30.01,72,64,10,Fair,Cloudy,81,68,33,26
7/3/2015 23:47:39,1016.255239,30.01,72,64,10,Fair,Cloudy,81,68,33,26
7/4/2015 0:17:47,1015.9166,30,71,63,10,Fair,Cloudy,81,68,33,26
7/4/2015 0:47:57,1015.9166,30,71,63,10,Fair,Showers,81,69,33,11
7/4/2015 1:18:09,1016.255239,30.01,71,63,10,Fair,Showers,81,69,33,11
7/4/2015 1:48:18,1016.255239,30.01,71,63,10,Fair,Showers,81,69,33,11
7/4/2015 2:18:27,1016.255239,30.01,71,68,10,Fair,Showers,81,69,33,11
7/4/2015 2:48:36,1016.255239,30.01,71,68,10,Fair,Showers,81,69,33,11
7/4/2015 3:18:47,1015.577961,29.99,71,63,10,Partly Cloudy,Light Rain,75,65,29,11
7/4/2015 3:48:56,1015.577961,29.99,71,63,10,Partly Cloudy,Light Rain,75,65,29,11
7/4/2015 4:19:10,1015.577961,29.99,71,63,10,Partly Cloudy,Light Rain,75,65,29,11
7/4/2015 4:49:18,1015.577961,29.99,71,63,10,Partly Cloudy,PM Light Rain,75,65,29,11
7/4/2015 5:19:27,1015.239322,29.98,70,71,10,Mostly Cloudy,PM Light Rain,75,65,27,11
7/4/2015 5:49:37,1015.239322,29.98,70,71,10,Mostly Cloudy,PM Light Rain,75,65,27,11
7/4/2015 6:19:46,1014.900683,29.97,70,63,10,Partly Cloudy,PM Light Rain,75,65,30,11
7/4/2015 6:50:00,1014.900683,29.97,70,63,10,Partly Cloudy,PM Light Rain,75,65,30,11
7/4/2015 7:20:08,1015.239322,29.98,71,63,10,Cloudy,PM Light Rain,75,65,26,11
7/4/2015 7:50:16,1015.239322,29.98,71,63,10,Cloudy,PM Light Rain,75,65,26,11
7/4/2015 8:20:25,1014.900683,29.97,71,61,10,Partly Cloudy,Cloudy,75,65,30,26
7/4/2015 8:50:34,1014.900683,29.97,71,61,10,Partly Cloudy,Cloudy,75,65,30,26
7/4/2015 9:20:42,1014.900683,29.97,71,68,10,Cloudy,Cloudy,75,65,26,26
7/4/2015 9:50:51,1014.900683,29.97,71,68,10,Cloudy,Cloudy,76,65,26,26
7/4/2015 10:21:00,1015.239322,29.98,73,64,10,Cloudy,Cloudy,76,65,26,26
7/4/2015 10:51:10,1015.239322,29.98,73,64,10,Cloudy,Cloudy,76,65,26,26
7/4/2015 11:21:19,1015.577961,29.99,72,61,10,Cloudy,Light Rain,75,65,26,11
7/4/2015 11:51:31,1015.577961,29.99,72,61,10,Cloudy,Light Rain,75,65,26,11
7/4/2015 12:21:41,1015.577961,29.99,73,51,10,Cloudy,Light Rain,75,65,26,11
7/4/2015 12:51:50,1015.577961,29.99,73,51,10,Cloudy,Light Rain,77,66,26,11
7/4/2015 13:21:59,1015.577961,29.99,72,68,10,Cloudy,Light Rain,77,66,26,11
7/4/2015 13:52:08,1015.577961,29.99,72,68,10,Cloudy,Cloudy,77,65,26,26
7/4/2015 14:22:23,1015.577961,29.99,70,73,9,Light Rain,Cloudy,77,65,11,26
7/4/2015 14:52:37,1015.577961,29.99,70,73,9,Light Rain,Cloudy,77,65,11,26
7/4/2015 15:22:47,1015.239322,29.98,72,68,8,Cloudy,Partly Cloudy,77,66,26,29
7/4/2015 15:53:00,1015.239322,29.98,72,68,8,Cloudy,Partly Cloudy,77,66,26,29
7/4/2015 16:23:17,1014.900683,29.97,74,57,10,Partly Cloudy,Partly Cloudy,77,66,30,29
7/4/2015 16:53:26,1014.900683,29.97,74,57,10,Partly Cloudy,Partly Cloudy,77,66,30,29
7/4/2015 17:23:35,1014.900683,29.97,74,57,10,Fair,Partly Cloudy,77,66,34,29
7/4/2015 17:53:43,1014.900683,29.97,74,57,10,Fair,Clouds Early/Clearing Late,77,66,34,29
7/4/2015 18:23:51,1014.900683,29.97,74,53,10,Mostly Cloudy,Clouds Early/Clearing Late,77,66,28,29
7/4/2015 18:53:59,1014.900683,29.97,74,53,10,Mostly Cloudy,Clouds Early/Clearing Late,77,66,28,29
7/4/2015 19:24:09,1014.900683,29.97,74,46,10,Partly Cloudy,Clouds Early/Clearing Late,77,66,30,29
7/4/2015 19:54:18,1014.900683,29.97,74,46,10,Partly Cloudy,Clouds Early/Clearing Late,77,66,30,29
7/4/2015 20:24:26,1015.577961,29.99,73,51,10,Cloudy,Clouds Early/Clearing Late,77,66,26,29
7/4/2015 20:54:37,1015.577961,29.99,73,51,10,Cloudy,Partly Cloudy,77,66,26,29
7/4/2015 21:24:56,1015.9166,30,72,49,10,Mostly Cloudy,Partly Cloudy,77,66,27,29
7/4/2015 21:55:06,1015.9166,30,72,49,10,Mostly Cloudy,Partly Cloudy,77,66,27,29
7/4/2015 22:25:15,1016.932517,30.03,71,53,10,Mostly Cloudy,Partly Cloudy,77,66,27,29
7/4/2015 22:55:28,1016.932517,30.03,71,53,10,Mostly Cloudy,Partly Cloudy,77,66,27,29
7/4/2015 23:25:38,1017.271155,30.04,72,51,10,Mostly Cloudy,Partly Cloudy,77,67,27,29
7/4/2015 23:55:46,1017.271155,30.04,72,51,10,Mostly Cloudy,Partly Cloudy,77,67,27,29
7/5/2015 0:25:55,1017.609794,30.05,71,53,10,Mostly Cloudy,Partly Cloudy,77,67,27,29
7/5/2015 0:56:05,1017.609794,30.05,71,53,10,Mostly Cloudy,Cloudy,77,67,27,26
7/5/2015 1:26:15,1017.948433,30.06,69,68,7,Partly Cloudy,Cloudy,77,67,29,26
7/5/2015 1:56:24,1017.948433,30.06,69,68,7,Partly Cloudy,Cloudy,77,67,29,26
7/5/2015 2:26:40,1018.287072,30.07,69,68,8,Fair,Cloudy,77,67,33,26
7/5/2015 2:56:49,1018.287072,30.07,69,68,8,Fair,Cloudy,77,67,33,26
7/5/2015 3:26:57,1018.287072,30.07,69,68,9,Cloudy,Partly Cloudy,85,71,26,30
7/5/2015 3:57:11,1018.287072,30.07,69,68,9,Cloudy,Partly Cloudy,85,71,26,30
7/5/2015 4:27:21,1018.287072,30.07,70,65,10,Cloudy,Partly Cloudy,84,70,26,30
7/5/2015 4:57:30,1018.287072,30.07,70,65,10,Cloudy,Partly Cloudy,84,70,26,30
7/5/2015 5:27:38,1018.625711,30.08,70,65,9,Cloudy,Partly Cloudy,84,70,26,30
7/5/2015 5:57:47,1018.625711,30.08,70,65,9,Cloudy,Partly Cloudy,84,71,26,30
7/5/2015 6:27:58,1019.302989,30.1,70,68,8,Cloudy,Partly Cloudy,84,71,26,30
7/5/2015 6:58:08,1019.302989,30.1,70,68,8,Cloudy,Partly Cloudy,84,71,26,30
7/5/2015 7:28:16,1019.641628,30.11,70,68,8,Fair,AM Clouds/PM Sun,83,71,34,30
7/5/2015 7:58:25,1019.641628,30.11,70,68,8,Fair,AM Clouds/PM Sun,83,71,34,30
7/5/2015 8:28:33,1020.318905,30.13,70,68,8,Fair,Mostly Sunny,84,71,34,34
7/5/2015 8:58:42,1020.318905,30.13,70,68,8,Fair,Mostly Sunny,84,71,34,34
7/5/2015 9:28:50,1020.996183,30.15,72,66,9,Fair,Mostly Sunny,84,71,34,34
7/5/2015 9:58:59,1020.996183,30.15,72,66,9,Fair,Partly Cloudy,84,71,34,30
7/5/2015 10:29:08,1021.334822,30.16,73,61,9,Fair,Partly Cloudy,84,71,34,30
7/5/2015 10:59:17,1021.334822,30.16,73,61,9,Fair,Partly Cloudy,84,71,34,30
7/5/2015 11:29:25,1021.334822,30.16,76,60,10,Fair,Partly Cloudy,84,71,34,30
7/5/2015 11:59:35,1021.334822,30.16,76,60,10,Fair,Partly Cloudy,84,71,34,30
7/5/2015 12:29:44,1020.996183,30.15,79,56,10,Fair,Partly Cloudy,84,71,34,30
7/5/2015 12:59:52,1020.996183,30.15,79,56,10,Fair,Partly Cloudy,82,71,34,30
7/5/2015 13:30:01,1020.996183,30.15,80,56,10,Partly Cloudy,Partly Cloudy,82,71,30,30
7/5/2015 14:00:13,1020.996183,30.15,80,56,10,Partly Cloudy,Partly Cloudy,82,70,30,30
7/5/2015 14:30:21,1020.657544,30.14,81,54,9,Fair,Partly Cloudy,82,70,34,30
7/5/2015 15:00:29,1020.657544,30.14,81,54,9,Fair,Partly Cloudy,82,70,34,30
7/5/2015 15:30:38,1020.318905,30.13,83,49,10,Fair,Partly Cloudy,82,71,34,29
7/5/2015 16:00:46,1020.318905,30.13,83,49,10,Fair,Partly Cloudy,82,71,34,29
7/5/2015 16:30:55,1020.318905,30.13,83,44,9,Fair,Partly Cloudy,82,71,34,29
7/9/2015 12:53:18,1016.593878,30.02,71,75,6,Cloudy,Scattered Thunderstorms,81,72,26,38
7/9/2015 13:23:28,1016.255239,30.01,73,71,6,Cloudy,Scattered Thunderstorms,81,72,26,38
7/9/2015 13:53:37,1016.255239,30.01,73,71,6,Cloudy,Scattered Thunderstorms,80,72,26,38
7/9/2015 14:23:46,1015.9166,30,74,68,5,Cloudy,Scattered Thunderstorms,80,72,26,38
7/9/2015 14:53:55,1015.9166,30,74,68,5,Cloudy,Scattered Thunderstorms,80,72,26,38
7/9/2015 15:24:04,1015.239322,29.98,75,71,5,Cloudy,Thunderstorms Early,80,72,26,47
7/9/2015 15:54:13,1014.223406,29.95,77,66,5,Mostly Cloudy,Thunderstorms Early,80,72,28,47
7/9/2015 16:24:22,1013.884767,29.94,77,64,5,Mostly Cloudy,Thunderstorms Early,80,72,28,47
7/9/2015 16:54:32,1013.546128,29.93,78,64,5,Partly Cloudy,Thunderstorms Early,80,72,30,47
7/9/2015 17:24:41,1013.546128,29.93,77,66,5,Partly Cloudy,Thunderstorms Early,80,72,30,47
7/9/2015 17:54:55,1013.546128,29.93,77,66,5,Partly Cloudy,Thunderstorms Early,80,71,30,47
7/9/2015 18:25:03,1013.207489,29.92,75,71,6,Fair,Thunderstorms Early,80,71,34,47
7/9/2015 18:55:13,1013.207489,29.92,75,71,6,Fair,Thunderstorms Early,80,71,34,47
7/9/2015 19:25:21,1012.530211,29.9,73,76,6,Fair,Thunderstorms Early,80,71,34,47
7/9/2015 19:55:31,1012.530211,29.9,73,76,6,Fair,Thunderstorms Early,80,71,34,47
7/9/2015 20:25:43,1012.530211,29.9,73,76,6,Fair,Thunderstorms Early,80,71,34,47
7/9/2015 20:55:53,1012.530211,29.9,73,76,6,Fair,Thunderstorms Early,80,71,34,47
7/9/2015 21:26:03,1011.852934,29.88,71,87,1.5,Rain,Thunderstorms Early,80,71,12,47
7/9/2015 21:56:11,1011.514295,29.87,71,90,2,Light Rain,Scattered Thunderstorms,80,71,11,47
7/9/2015 22:26:21,1011.175656,29.86,71,90,1.75,Light Rain,Scattered Thunderstorms,80,71,11,47
7/9/2015 22:56:30,1011.175656,29.86,72,91,3,Cloudy,Scattered Thunderstorms,80,71,26,47
7/9/2015 23:26:40,1010.837017,29.85,72,91,3,Cloudy,Partly Cloudy,80,71,26,29
7/9/2015 23:56:49,1010.498378,29.84,73,90,2.5,Fog,Partly Cloudy,80,71,20,29
7/10/2015 0:26:59,1010.159739,29.83,73,90,1.75,Fog,Partly Cloudy,80,71,20,29
7/10/2015 0:57:08,1010.159739,29.83,73,90,3,Cloudy,Partly Cloudy,80,71,26,29
7/10/2015 1:27:17,1010.159739,29.83,74,87,5,Cloudy,Partly Cloudy,80,71,26,29
7/10/2015 1:57:26,1010.159739,29.83,74,87,5,Cloudy,Partly Cloudy,80,71,26,29
7/10/2015 2:27:36,1009.8211,29.82,74,91,5,Cloudy,Partly Cloudy,80,71,26,29
7/10/2015 2:57:47,1009.8211,29.82,74,91,6,Partly Cloudy,Partly Cloudy,80,71,29,29
7/10/2015 3:27:55,1009.8211,29.82,74,87,7,Partly Cloudy,Mostly Sunny,87,70,29,34
7/10/2015 3:58:04,1009.8211,29.82,74,87,7,Partly Cloudy,Mostly Sunny,87,70,29,34
7/10/2015 4:28:14,1010.498378,29.84,72,87,10,Partly Cloudy,Mostly Sunny,87,70,29,34
7/10/2015 4:58:24,1010.498378,29.84,72,87,10,Partly Cloudy,Mostly Sunny,87,70,29,34
7/10/2015 5:28:33,1011.514295,29.87,72,78,10,Mostly Cloudy,Mostly Sunny,87,70,27,34
7/10/2015 5:58:41,1011.514295,29.87,72,78,10,Mostly Cloudy,Partly Cloudy,87,70,27,30
7/10/2015 6:28:52,1012.530211,29.9,72,78,10,Cloudy,Partly Cloudy,87,70,26,30
7/10/2015 6:59:06,1012.530211,29.9,72,78,10,Cloudy,Partly Cloudy,87,70,26,30
7/10/2015 7:29:15,1013.546128,29.93,72,78,10,Cloudy,AM Clouds/PM Sun,87,70,26,30
7/10/2015 7:59:25,1014.223406,29.95,72,73,10,Mostly Cloudy,AM Clouds/PM Sun,87,70,28,30
7/10/2015 8:29:36,1014.562045,29.96,72,73,10,Cloudy,Partly Cloudy,87,70,26,30
7/10/2015 8:59:45,1014.562045,29.96,72,73,10,Cloudy,Partly Cloudy,87,70,26,30
7/10/2015 9:29:57,1015.239322,29.98,73,66,10,Partly Cloudy,Partly Cloudy,87,70,30,30
7/10/2015 10:00:12,1015.239322,29.98,73,66,10,Partly Cloudy,Mostly Sunny,87,70,30,34
7/10/2015 10:30:22,1015.577961,29.99,75,62,10,Mostly Cloudy,Mostly Sunny,87,70,28,34
7/10/2015 11:00:31,1015.9166,30,76,60,10,Mostly Cloudy,Mostly Sunny,87,70,28,34
7/10/2015 11:30:43,1015.9166,30,76,58,10,Partly Cloudy,Partly Cloudy,86,70,30,30
7/11/2015 0:46:54,1017.271155,30.04,77,47,10,Fair,Partly Cloudy,85,70,33,29
7/11/2015 1:17:03,1017.271155,30.04,76,48,10,Fair,Partly Cloudy,85,70,33,29
7/11/2015 1:47:12,1017.271155,30.04,76,48,10,Fair,Partly Cloudy,85,70,33,29
7/11/2015 2:17:22,1017.609794,30.05,74,50,10,Fair,Partly Cloudy,85,70,33,29
7/11/2015 2:47:31,1017.609794,30.05,74,50,10,Fair,Partly Cloudy,85,70,33,29
7/11/2015 3:17:43,1017.609794,30.05,72,57,10,Fair,Partly Cloudy,88,71,33,30
7/11/2015 3:47:53,1017.609794,30.05,72,57,10,Fair,Partly Cloudy,88,71,33,30
7/11/2015 4:18:01,1017.609794,30.05,72,55,10,Fair,Partly Cloudy,88,71,33,30
7/11/2015 4:48:09,1017.609794,30.05,72,55,10,Fair,Partly Cloudy,88,71,33,30
7/11/2015 5:18:17,1018.287072,30.07,71,57,10,Fair,Partly Cloudy,88,71,33,30
7/11/2015 5:48:26,1018.287072,30.07,71,57,10,Fair,Partly Cloudy,88,71,33,30
7/11/2015 6:18:34,1018.625711,30.08,70,61,9,Fair,Partly Cloudy,88,71,34,30
7/11/2015 6:48:42,1018.625711,30.08,70,61,9,Fair,Partly Cloudy,88,71,34,30
7/11/2015 7:18:50,1018.96435,30.09,71,61,9,Fair,Sunny,88,71,34,32
7/11/2015 7:48:58,1018.96435,30.09,71,61,9,Fair,Sunny,88,71,34,32
7/11/2015 8:19:07,1019.641628,30.11,73,59,9,Fair,Sunny,88,71,34,32
7/11/2015 8:49:15,1019.641628,30.11,73,59,9,Fair,Sunny,88,71,34,32
7/11/2015 9:19:24,1019.980266,30.12,76,50,10,Fair,Sunny,88,71,34,32
7/11/2015 9:49:33,1019.980266,30.12,76,50,10,Fair,Mostly Sunny,87,71,34,34
7/11/2015 10:19:41,1019.980266,30.12,78,48,10,Fair,Mostly Sunny,87,71,34,34
7/11/2015 10:49:49,1019.980266,30.12,78,48,10,Fair,Mostly Sunny,87,71,34,34
7/11/2015 11:19:57,1019.980266,30.12,80,45,10,Fair,Mostly Sunny,86,71,34,34
7/11/2015 11:50:05,1019.980266,30.12,80,45,10,Fair,Mostly Sunny,86,71,34,34
7/11/2015 12:20:15,1019.641628,30.11,84,40,10,Fair,Mostly Sunny,86,71,34,34
7/11/2015 12:50:34,1019.641628,30.11,84,40,10,Fair,Partly Cloudy,86,71,34,30
7/11/2015 13:20:44,1019.641628,30.11,84,38,10,Fair,Partly Cloudy,86,71,34,30
7/11/2015 13:50:56,1019.641628,30.11,84,38,10,Fair,Partly Cloudy,87,71,34,30
7/11/2015 14:21:04,1019.302989,30.1,87,28,10,Fair,Partly Cloudy,87,71,34,30
7/11/2015 14:51:12,1019.302989,30.1,87,28,10,Fair,Partly Cloudy,87,71,34,30
7/11/2015 15:21:22,1018.96435,30.09,86,32,10,Fair,Clear,87,71,34,31
7/11/2015 15:51:32,1018.96435,30.09,86,32,10,Fair,Clear,87,71,34,31
7/11/2015 16:21:40,1018.625711,30.08,87,32,10,Fair,Clear,87,71,34,31
7/11/2015 16:51:49,1018.625711,30.08,87,32,10,Fair,Clear,87,71,34,31
7/11/2015 17:21:58,1018.287072,30.07,84,41,10,Partly Cloudy,Clear,87,71,30,31
7/11/2015 17:52:07,1018.287072,30.07,84,41,10,Partly Cloudy,Clear,87,72,30,31
7/11/2015 18:22:15,1018.287072,30.07,84,40,10,Partly Cloudy,Clear,87,72,30,31
7/11/2015 18:52:23,1018.287072,30.07,84,40,10,Partly Cloudy,Clear,87,72,30,31
7/11/2015 19:22:31,1018.287072,30.07,83,41,10,Fair,Clear,87,72,34,31
7/11/2015 19:52:39,1018.287072,30.07,83,41,10,Fair,Clear,87,72,34,31
7/11/2015 20:22:49,1018.625711,30.08,81,42,10,Fair,Clear,87,72,34,31
7/11/2015 20:52:56,1018.625711,30.08,81,42,10,Fair,Clear,87,72,34,31
7/11/2015 21:23:04,1018.625711,30.08,79,44,10,Fair,Clear,87,72,33,31
7/11/2015 21:53:13,1018.625711,30.08,79,44,10,Fair,Clear,87,72,33,31
7/11/2015 22:23:21,1018.96435,30.09,79,42,10,Fair,Clear,87,72,33,31
7/11/2015 22:53:30,1018.96435,30.09,79,42,10,Fair,Clear,87,72,33,31
7/11/2015 23:23:39,1018.96435,30.09,78,50,10,Fair,Partly Cloudy,87,72,33,29
7/11/2015 23:53:47,1018.96435,30.09,78,50,10,Fair,Partly Cloudy,87,72,33,29
7/12/2015 0:23:55,1018.96435,30.09,77,56,10,Fair,Partly Cloudy,87,72,33,29
7/12/2015 0:54:04,1018.96435,30.09,77,56,10,Fair,Clear,87,72,33,31
7/12/2015 1:24:12,1018.625711,30.08,77,58,10,Fair,Clear,87,72,33,31
7/12/2015 1:54:20,1018.625711,30.08,77,58,10,Fair,Clear,87,72,33,31
7/12/2015 2:24:29,1018.287072,30.07,76,58,10,Fair,Clear,87,72,33,31
7/12/2015 2:54:37,1018.287072,30.07,76,58,10,Fair,Clear,87,72,33,31
7/12/2015 3:24:46,1018.287072,30.07,75,60,10,Fair,Partly Cloudy,87,72,33,30
7/12/2015 3:54:54,1018.287072,30.07,75,60,10,Fair,Partly Cloudy,87,72,33,30
7/12/2015 4:25:02,1018.287072,30.07,74,64,10,Fair,Partly Cloudy,87,72,33,30
7/12/2015 4:55:10,1018.287072,30.07,74,64,10,Fair,Partly Cloudy,87,72,33,30
7/12/2015 5:25:19,1017.948433,30.06,73,64,10,Fair,Partly Cloudy,87,72,33,30
7/12/2015 5:55:30,1017.948433,30.06,73,64,10,Fair,Partly Cloudy,89,72,33,30
7/12/2015 6:25:40,1018.625711,30.08,73,64,9,Fair,Partly Cloudy,89,72,34,30
7/12/2015 6:55:51,1018.625711,30.08,73,64,9,Fair,Partly Cloudy,89,72,34,30
7/12/2015 7:26:00,1018.625711,30.08,73,64,9,Fair,Partly Cloudy,89,72,34,30
7/12/2015 7:56:07,1018.625711,30.08,73,64,9,Fair,Partly Cloudy,89,72,34,30
7/12/2015 8:26:18,1018.96435,30.09,75,60,9,Fair,Partly Cloudy,87,72,34,30
7/12/2015 8:56:28,1018.96435,30.09,75,60,9,Fair,Partly Cloudy,87,72,34,30
7/12/2015 9:26:37,1018.625711,30.08,77,56,10,Fair,Partly Cloudy,87,72,34,30
7/12/2015 9:56:47,1018.625711,30.08,77,56,10,Fair,Partly Cloudy,87,72,34,30
7/12/2015 10:26:56,1018.287072,30.07,80,52,10,Fair,Partly Cloudy,87,72,34,30
7/12/2015 10:57:06,1018.287072,30.07,80,52,10,Fair,Partly Cloudy,87,72,34,30
7/12/2015 11:27:14,1017.948433,30.06,83,42,10,Fair,Partly Cloudy,87,72,34,30
7/12/2015 11:57:22,1017.948433,30.06,83,42,10,Fair,Partly Cloudy,87,72,34,30
7/12/2015 12:27:32,1017.948433,30.06,86,40,10,Fair,Partly Cloudy,86,72,34,30
7/12/2015 12:57:39,1017.948433,30.06,86,40,10,Fair,Partly Cloudy,86,72,34,30
7/12/2015 13:27:48,1017.271155,30.04,86,38,10,Fair,Partly Cloudy,86,72,34,30
7/12/2015 13:57:56,1017.271155,30.04,86,38,10,Fair,Partly Cloudy,87,72,34,30
7/12/2015 14:28:04,1016.932517,30.03,88,36,10,Fair,Partly Cloudy,87,72,34,30
7/12/2015 14:58:13,1016.932517,30.03,88,36,10,Fair,Partly Cloudy,87,72,34,30
7/12/2015 15:28:21,1016.593878,30.02,87,37,10,Fair,Partly Cloudy,87,72,34,29
7/12/2015 15:58:29,1016.593878,30.02,87,37,10,Fair,Partly Cloudy,87,72,34,29
7/12/2015 16:28:37,1015.9166,30,87,36,10,Fair,Partly Cloudy,87,72,34,29
7/12/2015 16:58:45,1015.9166,30,87,36,10,Fair,Partly Cloudy,87,72,34,29
7/12/2015 17:28:53,1015.577961,29.99,86,38,10,Fair,Partly Cloudy,87,72,34,29
7/12/2015 17:59:02,1015.577961,29.99,86,38,10,Fair,Partly Cloudy,87,72,34,29
7/12/2015 18:29:10,1015.239322,29.98,83,47,10,Partly Cloudy,Partly Cloudy,87,72,30,29
7/12/2015 18:59:18,1015.239322,29.98,83,47,10,Partly Cloudy,Partly Cloudy,87,72,30,29
7/12/2015 19:29:26,1015.239322,29.98,83,47,10,Fair,Partly Cloudy,87,72,34,29
7/12/2015 19:59:35,1015.239322,29.98,83,47,10,Fair,Partly Cloudy,87,72,34,29
7/12/2015 20:29:44,1014.900683,29.97,82,47,10,Fair,Partly Cloudy,87,72,34,29
7/12/2015 20:59:52,1014.900683,29.97,82,47,10,Fair,Partly Cloudy,87,72,34,29
7/12/2015 21:30:06,1015.239322,29.98,81,49,10,Fair,Partly Cloudy,87,72,33,29
7/12/2015 22:00:16,1015.239322,29.98,81,49,10,Fair,Partly Cloudy,87,72,33,29
7/12/2015 22:30:26,1015.577961,29.99,80,52,10,Fair,Partly Cloudy,87,72,33,29
7/12/2015 23:00:38,1015.577961,29.99,80,52,10,Fair,Partly Cloudy,87,72,33,29
7/12/2015 23:30:50,1015.577961,29.99,79,52,10,Fair,Partly Cloudy,87,73,33,29
7/13/2015 0:00:58,1015.577961,29.99,79,52,10,Fair,Partly Cloudy,87,73,33,29
7/13/2015 0:31:06,1015.577961,29.99,78,52,10,Fair,Partly Cloudy,87,73,33,29
7/13/2015 1:01:15,1015.239322,29.98,77,56,10,Fair,Partly Cloudy,87,73,33,29
7/13/2015 1:31:24,1015.239322,29.98,77,56,10,Fair,Partly Cloudy,87,73,33,29
7/13/2015 2:01:32,1014.900683,29.97,77,56,10,Fair,Partly Cloudy,87,73,33,29
7/13/2015 2:31:40,1014.900683,29.97,77,56,10,Fair,Partly Cloudy,87,73,33,29
7/13/2015 3:01:49,1014.562045,29.96,77,56,10,Fair,Partly Cloudy,87,73,33,29
7/13/2015 3:31:57,1014.562045,29.96,77,56,10,Fair,Partly Cloudy,84,72,33,30
7/13/2015 4:02:05,1014.562045,29.96,77,56,10,Fair,Partly Cloudy,84,72,33,30
7/13/2015 4:32:13,1013.884767,29.94,76,60,10,Fair,Partly Cloudy,85,72,33,30
7/13/2015 5:02:21,1013.884767,29.94,76,60,10,Fair,Partly Cloudy,85,72,33,30
7/13/2015 5:32:29,1013.546128,29.93,75,62,10,Fair,Partly Cloudy,85,72,33,30
7/13/2015 6:02:38,1013.546128,29.93,75,62,10,Fair,Partly Cloudy,85,71,33,30
7/13/2015 6:32:46,1013.546128,29.93,75,62,10,Fair,Partly Cloudy,85,71,34,30
7/13/2015 7:02:54,1013.884767,29.94,76,64,9,Fair,Partly Cloudy,85,71,34,30
7/13/2015 7:33:02,1013.884767,29.94,76,64,9,Fair,Partly Cloudy,85,71,34,30
7/13/2015 8:03:10,1013.884767,29.94,77,62,9,Fair,Partly Cloudy,85,71,34,30
7/13/2015 8:33:19,1013.884767,29.94,77,62,9,Fair,Partly Cloudy,85,71,34,30
7/13/2015 9:03:27,1013.884767,29.94,77,62,9,Fair,Partly Cloudy,85,71,34,30
7/13/2015 9:33:36,1014.223406,29.95,80,56,8,Fair,Partly Cloudy,85,71,34,30
7/13/2015 10:03:44,1014.223406,29.95,80,56,8,Fair,Partly Cloudy,85,71,34,30
7/13/2015 10:33:53,1013.884767,29.94,81,54,8,Fair,Partly Cloudy,85,71,34,30
7/13/2015 11:04:01,1013.884767,29.94,81,54,8,Fair,Partly Cloudy,85,71,34,30
7/13/2015 11:34:09,1013.546128,29.93,83,51,9,Fair,Partly Cloudy,84,71,34,30
7/13/2015 12:04:25,1013.546128,29.93,83,51,9,Fair,Partly Cloudy,84,71,34,30
7/13/2015 12:34:34,1013.884767,29.94,83,53,9,Fair,Partly Cloudy,84,71,34,30
7/13/2015 13:04:41,1013.546128,29.93,83,51,9,Fair,Partly Cloudy,84,71,34,30
7/13/2015 13:34:50,1013.546128,29.93,83,51,9,Fair,Partly Cloudy,84,71,34,30
7/13/2015 14:04:58,1012.86885,29.91,85,48,9,Fair,Mostly Sunny,83,71,34,34
7/13/2015 14:35:07,1012.86885,29.91,85,48,9,Fair,Mostly Sunny,83,71,34,34
7/13/2015 15:05:16,1012.191572,29.89,86,44,9,Fair,Mostly Sunny,83,71,34,34
7/13/2015 15:35:28,1012.191572,29.89,86,44,9,Fair,Mostly Clear,83,71,34,33
7/13/2015 16:05:37,1011.852934,29.88,83,41,10,Fair,Mostly Clear,83,71,34,33
7/13/2015 16:35:49,1011.852934,29.88,83,41,10,Fair,Mostly Clear,83,71,34,33
7/13/2015 17:05:57,1011.514295,29.87,81,44,10,Fair,Mostly Clear,83,71,34,33
7/13/2015 17:36:06,1011.514295,29.87,81,44,10,Fair,Mostly Clear,83,72,34,33
7/13/2015 18:06:16,1011.175656,29.86,81,41,10,Fair,Mostly Clear,83,72,34,33
7/13/2015 18:36:24,1011.175656,29.86,81,41,10,Fair,Mostly Clear,83,72,34,33
7/13/2015 19:06:32,1011.175656,29.86,79,48,10,Fair,Mostly Clear,83,72,34,33
7/13/2015 19:36:41,1011.175656,29.86,79,48,10,Fair,Partly Cloudy,83,72,34,29
7/13/2015 20:06:50,1011.175656,29.86,76,54,10,Fair,Partly Cloudy,83,72,34,29
7/13/2015 20:36:58,1011.175656,29.86,76,54,10,Fair,Mostly Clear,83,72,34,33
7/13/2015 21:07:06,1011.514295,29.87,75,57,10,Fair,Mostly Clear,83,72,33,33
7/13/2015 21:37:14,1011.514295,29.87,75,57,10,Fair,Mostly Clear,83,72,33,33
7/13/2015 22:07:22,1011.852934,29.88,74,59,10,Fair,Partly Cloudy,83,72,33,29
7/13/2015 22:37:30,1011.852934,29.88,74,59,10,Fair,Partly Cloudy,83,72,33,29
7/13/2015 23:07:40,1011.175656,29.86,74,62,10,Fair,Partly Cloudy,83,72,33,29
7/13/2015 23:37:48,1011.175656,29.86,74,62,10,Fair,Partly Cloudy,83,71,33,29
7/14/2015 0:07:57,1010.159739,29.83,73,64,10,Fair,Partly Cloudy,83,71,33,29
7/14/2015 0:38:05,1010.159739,29.83,73,64,10,Fair,Partly Cloudy,83,71,33,29
7/14/2015 1:08:14,1009.8211,29.82,73,64,10,Fair,Partly Cloudy,83,71,33,29
7/14/2015 1:38:22,1009.8211,29.82,73,64,10,Fair,Partly Cloudy,83,71,33,29
7/14/2015 2:08:31,1009.482462,29.81,73,66,10,Fair,Partly Cloudy,83,71,33,29
7/14/2015 2:38:39,1009.482462,29.81,73,66,10,Fair,Partly Cloudy,83,71,33,29
7/14/2015 3:08:48,1008.805184,29.79,75,62,10,Fair,Partly Cloudy,83,71,33,29
7/14/2015 3:38:56,1008.805184,29.79,75,62,10,Fair,Partly Cloudy,82,74,33,30
7/14/2015 4:09:05,1008.127906,29.77,74,62,10,Partly Cloudy,Partly Cloudy,82,74,29,30
7/14/2015 4:39:13,1008.127906,29.77,74,62,10,Partly Cloudy,Scattered Thunderstorms,81,74,29,38
7/14/2015 5:09:22,1008.127906,29.77,74,62,10,Partly Cloudy,Scattered Thunderstorms,81,74,29,38
7/14/2015 5:39:37,1007.450628,29.75,74,64,10,Fair,Scattered Thunderstorms,81,74,33,38
7/14/2015 6:09:47,1007.450628,29.75,74,64,10,Partly Cloudy,Isolated Thunderstorms,82,75,30,37
7/14/2015 6:40:02,1007.450628,29.75,74,64,10,Partly Cloudy,Isolated Thunderstorms,82,75,30,37
7/14/2015 7:10:11,1007.450628,29.75,74,68,10,Fair,Scattered Thunderstorms,82,75,34,38
7/14/2015 7:40:23,1007.450628,29.75,74,68,10,Fair,Scattered Thunderstorms,82,75,34,38
7/14/2015 8:10:33,1007.450628,29.75,75,69,10,Partly Cloudy,Scattered Thunderstorms,82,75,30,38
7/14/2015 8:40:44,1007.450628,29.75,75,69,10,Partly Cloudy,PM Thunderstorms,82,75,30,38
7/14/2015 9:10:53,1006.434712,29.72,76,64,10,Fair,PM Thunderstorms,82,75,34,38
7/14/2015 9:41:01,1006.434712,29.72,76,64,10,Fair,Scattered Thunderstorms,82,75,34,38
7/14/2015 10:11:11,1006.773351,29.73,77,62,10,Cloudy,Scattered Thunderstorms,82,75,26,38
7/14/2015 10:41:20,1006.773351,29.73,77,62,10,Cloudy,Scattered Thunderstorms,82,75,26,38
7/14/2015 11:11:30,1006.096073,29.71,76,69,9,Cloudy,Scattered Thunderstorms,82,75,26,38
7/14/2015 11:41:39,1006.096073,29.71,77,71,10,Cloudy,Scattered Thunderstorms,82,75,26,38
7/14/2015 12:11:48,1005.757434,29.7,78,66,10,Cloudy,Scattered Thunderstorms,82,75,26,38
7/14/2015 12:42:17,1005.418795,29.69,79,66,10,Mostly Cloudy,Scattered Thunderstorms,82,75,28,38
7/14/2015 13:12:26,1005.757434,29.7,76,79,1.25,Light Rain,Scattered Thunderstorms,82,75,11,38
7/14/2015 13:42:34,1005.757434,29.7,74,91,2,Light Rain,Scattered Thunderstorms,84,75,11,38
7/14/2015 14:12:42,1004.741517,29.67,75,87,5,Cloudy,Scattered Thunderstorms,84,75,26,38
7/14/2015 14:42:51,1004.402879,29.66,75,90,2,Light Rain,Scattered Thunderstorms,84,75,11,38
7/14/2015 15:13:00,1004.06424,29.65,76,91,3,Light Rain,Scattered Thunderstorms,84,75,11,47
7/14/2015 15:43:09,1004.06424,29.65,76,91,3,Light Rain,Scattered Thunderstorms,84,75,11,47
7/14/2015 16:13:18,1003.386962,29.63,75,84,8,Mostly Cloudy,Scattered Thunderstorms,84,75,28,47
7/14/2015 16:43:28,1003.386962,29.63,75,84,10,Mostly Cloudy,Mostly Cloudy,84,75,28,27
7/14/2015 17:13:38,1002.709684,29.61,77,84,10,Partly Cloudy,Mostly Cloudy,84,75,30,27
7/14/2015 17:43:46,1002.371045,29.6,77,84,9,Partly Cloudy,Thunderstorms Early,84,75,30,47
7/14/2015 18:13:55,1002.371045,29.6,76,87,7,Mostly Cloudy,Thunderstorms Early,84,75,28,47
7/14/2015 18:44:07,1002.371045,29.6,76,87,7,Mostly Cloudy,Thunderstorms Early,84,75,28,47
7/14/2015 19:14:16,1002.032406,29.59,77,84,8,Mostly Cloudy,Partly Cloudy,84,75,28,29
7/14/2015 19:44:25,1002.032406,29.59,77,82,8,Partly Cloudy,Partly Cloudy,84,75,30,29
7/14/2015 20:14:33,1002.032406,29.59,77,84,7,Partly Cloudy,Partly Cloudy,84,75,30,29
7/14/2015 20:44:41,1002.032406,29.59,77,84,7,Partly Cloudy,Thunderstorms Late,84,75,30,4
7/14/2015 21:14:51,1002.032406,29.59,77,84,8,Fair,Thunderstorms Late,84,75,33,4
7/14/2015 21:45:01,1002.032406,29.59,77,84,8,Fair,Thunderstorms Late,84,75,33,4
7/14/2015 22:15:10,1002.709684,29.61,77,84,8,Mostly Cloudy,Partly Cloudy,84,75,27,29
7/14/2015 22:45:21,1002.709684,29.61,77,84,7,Partly Cloudy,Partly Cloudy,84,75,29,29
7/14/2015 23:15:31,1002.709684,29.61,77,84,7,Mostly Cloudy,Partly Cloudy,84,75,27,29
7/14/2015 23:45:44,1002.709684,29.61,76,87,6,Partly Cloudy,Partly Cloudy,84,74,29,29
7/15/2015 0:15:53,1002.709684,29.61,76,87,6,Partly Cloudy,Partly Cloudy,84,74,29,29
7/15/2015 0:46:02,1003.048323,29.62,76,87,6,Mostly Cloudy,Cloudy,84,74,27,26
7/15/2015 1:16:10,1002.709684,29.61,76,87,6,Partly Cloudy,Cloudy,84,74,29,26
7/15/2015 1:46:18,1002.709684,29.61,76,87,6,Mostly Cloudy,Cloudy,84,74,27,26
7/15/2015 2:16:27,1002.371045,29.6,76,87,6,Cloudy,Cloudy,84,74,26,26
7/15/2015 2:46:36,1002.371045,29.6,76,87,5,Mostly Cloudy,Cloudy,84,74,27,26
7/15/2015 3:16:44,1002.371045,29.6,76,87,6,Cloudy,Scattered Thunderstorms,84,66,26,38
7/15/2015 3:46:52,1002.032406,29.59,76,87,5,Mostly Cloudy,Scattered Thunderstorms,84,66,27,38
7/15/2015 4:17:01,1002.032406,29.59,75,87,4,Partly Cloudy,Scattered Thunderstorms,84,66,29,38
7/15/2015 4:47:09,1002.032406,29.59,75,87,2.5,Fog,Scattered Thunderstorms,84,66,20,38
7/15/2015 5:17:17,1002.371045,29.6,75,87,2.5,Fog,Scattered Thunderstorms,84,66,20,38
7/15/2015 5:47:25,1002.371045,29.6,75,87,2.5,Fog,Thunderstorms,84,65,20,4
7/15/2015 6:17:35,1002.709684,29.61,75,90,1.5,Fog,Thunderstorms,84,65,20,4
7/15/2015 6:47:43,1003.386962,29.63,76,87,2,Fog,Thunderstorms,84,65,20,4
7/15/2015 7:17:51,1003.386962,29.63,76,87,3,Cloudy,Scattered Thunderstorms,83,65,26,38
7/15/2015 7:48:00,1003.386962,29.63,76,87,3,Cloudy,Scattered Thunderstorms,83,65,26,38
7/15/2015 8:18:08,1003.725601,29.64,78,81,4,Haze,Scattered Thunderstorms,84,65,21,38
7/15/2015 8:48:17,1003.725601,29.64,78,81,4,Haze,Scattered Thunderstorms,84,65,21,38
7/15/2015 9:18:26,1003.725601,29.64,78,79,5,Cloudy,Scattered Thunderstorms,84,65,26,38
7/15/2015 9:48:35,1003.725601,29.64,79,79,5,Partly Cloudy,Scattered Thunderstorms,83,65,30,38
7/15/2015 10:18:43,1004.402879,29.66,78,79,5,Mostly Cloudy,Scattered Thunderstorms,83,65,28,38
7/15/2015 10:48:51,1004.402879,29.66,78,79,5,Mostly Cloudy,Scattered Thunderstorms,83,65,28,38
7/15/2015 11:19:00,1005.080156,29.68,78,79,6,Mostly Cloudy,Thundershowers,82,65,28,11
7/15/2015 11:49:08,1005.080156,29.68,78,76,7,Mostly Cloudy,Thundershowers,82,65,28,11
7/15/2015 12:19:17,1005.418795,29.69,76,82,1.75,Light Rain,Thundershowers,82,65,11,11
7/15/2015 12:49:26,1005.418795,29.69,75,87,3,Cloudy,Heavy Thunderstorms,82,65,26,4
7/15/2015 13:19:35,1005.418795,29.69,75,90,3,Mostly Cloudy,Heavy Thunderstorms,82,65,28,4
7/15/2015 13:49:43,1005.418795,29.69,75,90,3,Mostly Cloudy,Scattered Thunderstorms,79,65,28,38
7/15/2015 14:19:53,1005.418795,29.69,76,85,8,Mostly Cloudy,Scattered Thunderstorms,79,65,28,38
7/15/2015 14:50:02,1005.418795,29.69,76,85,8,Mostly Cloudy,Scattered Thunderstorms,79,65,28,38
7/15/2015 15:20:11,1005.757434,29.7,78,76,10,Partly Cloudy,Mostly Cloudy,79,65,30,27
7/15/2015 15:50:23,1005.757434,29.7,78,76,10,Partly Cloudy,Mostly Cloudy,79,65,30,27
7/15/2015 16:20:33,1006.096073,29.71,79,72,8,Partly Cloudy,Mostly Cloudy,79,65,30,27
7/15/2015 16:50:44,1006.096073,29.71,79,72,8,Partly Cloudy,Clouds Early/Clearing Late,79,65,30,29
7/15/2015 17:20:54,1006.434712,29.72,80,64,10,Partly Cloudy,Clouds Early/Clearing Late,79,65,30,29
7/15/2015 17:51:04,1006.434712,29.72,80,64,10,Partly Cloudy,Mostly Cloudy,79,65,30,27
7/15/2015 18:21:12,1007.111989,29.74,78,60,10,Cloudy,Mostly Cloudy,79,65,26,27
7/15/2015 18:51:22,1007.111989,29.74,78,60,10,Cloudy,Mostly Cloudy,79,65,26,27
7/15/2015 19:21:31,1008.127906,29.77,79,56,10,Mostly Cloudy,Mostly Cloudy,79,65,28,27
7/15/2015 19:51:39,1008.127906,29.77,79,56,10,Mostly Cloudy,Mostly Cloudy,79,65,28,27
7/15/2015 20:21:48,1008.805184,29.79,77,58,10,Cloudy,Mostly Cloudy,79,65,26,27
7/15/2015 20:51:56,1008.805184,29.79,77,58,10,Cloudy,Clouds Early/Clearing Late,79,65,26,29
7/15/2015 21:22:04,1009.8211,29.82,77,47,10,Cloudy,Clouds Early/Clearing Late,79,65,26,29
7/15/2015 21:52:13,1009.8211,29.82,77,47,10,Cloudy,Cloudy,79,65,26,26
7/15/2015 22:22:22,1010.837017,29.85,76,50,10,Cloudy,Cloudy,79,65,26,26
7/15/2015 22:52:32,1010.837017,29.85,76,50,10,Cloudy,Cloudy,79,65,26,26
7/15/2015 23:22:40,1011.852934,29.88,74,53,10,Cloudy,Partly Cloudy,79,65,26,29
7/15/2015 23:52:48,1011.852934,29.88,74,53,10,Cloudy,Partly Cloudy,79,65,26,29
7/16/2015 0:22:57,1012.530211,29.9,73,48,10,Cloudy,Partly Cloudy,79,65,26,29
7/16/2015 0:53:06,1012.530211,29.9,73,48,10,Cloudy,Partly Cloudy,79,65,26,29
7/16/2015 1:23:14,1013.546128,29.93,73,41,10,Cloudy,Partly Cloudy,79,65,26,29
7/16/2015 1:53:22,1013.546128,29.93,73,41,10,Cloudy,Partly Cloudy,79,65,26,29
7/16/2015 2:23:31,1014.562045,29.96,71,42,10,Cloudy,Partly Cloudy,79,65,26,29
7/16/2015 2:53:39,1014.562045,29.96,71,42,10,Cloudy,Partly Cloudy,79,65,26,29
7/16/2015 3:23:51,1014.562045,29.96,69,44,10,Cloudy,Sunny,82,67,26,32
7/16/2015 3:54:01,1014.562045,29.96,69,44,10,Cloudy,Sunny,82,67,26,32
7/16/2015 4:24:09,1014.562045,29.96,67,45,10,Cloudy,Sunny,82,67,26,32
7/16/2015 4:54:18,1014.562045,29.96,67,45,10,Cloudy,Sunny,82,67,26,32
7/16/2015 5:24:25,1015.239322,29.98,66,48,10,Fair,Sunny,82,67,33,32
7/16/2015 5:54:34,1015.239322,29.98,66,48,10,Fair,Partly Cloudy,82,67,33,30
7/16/2015 6:24:43,1016.593878,30.02,65,50,10,Cloudy,Partly Cloudy,82,67,26,30
7/16/2015 6:54:52,1016.593878,30.02,65,50,10,Cloudy,Partly Cloudy,82,67,26,30
7/16/2015 7:25:02,1017.271155,30.04,64,54,10,Partly Cloudy,Partly Cloudy,82,67,30,30
7/16/2015 7:55:12,1017.271155,30.04,64,54,10,Partly Cloudy,Partly Cloudy,82,67,30,30
7/16/2015 8:25:24,1017.948433,30.06,66,50,10,Partly Cloudy,Sunny,82,67,30,32
7/16/2015 8:55:36,1017.948433,30.06,66,50,10,Partly Cloudy,Sunny,82,67,30,32
7/16/2015 9:25:46,1018.287072,30.07,67,51,10,Fair,Sunny,82,67,34,32
7/16/2015 9:55:56,1018.287072,30.07,67,51,10,Fair,Sunny,81,67,34,32
7/16/2015 10:26:05,1018.287072,30.07,70,47,10,Fair,Sunny,81,67,34,32
7/16/2015 10:56:13,1018.287072,30.07,70,47,10,Fair,Sunny,81,67,34,32
7/16/2015 11:26:22,1018.287072,30.07,71,47,10,Fair,Sunny,80,66,34,32
7/16/2015 11:56:32,1018.287072,30.07,71,47,10,Fair,Sunny,80,66,34,32
7/16/2015 12:26:41,1018.625711,30.08,75,43,10,Fair,Sunny,80,66,34,32
7/16/2015 12:56:49,1018.625711,30.08,75,43,10,Fair,Sunny,79,67,34,32
7/16/2015 13:26:57,1018.287072,30.07,77,40,10,Fair,Sunny,79,67,34,32
7/16/2015 13:57:06,1018.287072,30.07,77,40,10,Fair,Sunny,80,66,34,32
7/16/2015 14:27:16,1018.287072,30.07,78,33,10,Fair,Sunny,80,66,34,32
7/16/2015 14:57:25,1018.287072,30.07,78,33,10,Fair,Sunny,80,66,34,32
7/16/2015 15:27:33,1017.948433,30.06,78,36,10,Fair,Clear,80,67,34,31
7/16/2015 15:57:43,1017.948433,30.06,78,36,10,Fair,Clear,80,67,34,31
7/16/2015 16:27:52,1017.948433,30.06,79,34,10,Fair,Clear,80,67,34,31
7/16/2015 16:58:04,1017.948433,30.06,79,34,10,Fair,Clear,80,67,34,31
7/16/2015 17:28:13,1017.609794,30.05,79,30,10,Fair,Clear,80,67,34,31
7/16/2015 17:58:22,1017.609794,30.05,79,30,10,Fair,Clear,80,67,34,31
7/16/2015 18:28:31,1017.271155,30.04,79,31,10,Fair,Clear,80,67,34,31
7/16/2015 18:58:39,1017.271155,30.04,79,31,10,Fair,Clear,80,67,34,31
7/16/2015 19:28:48,1017.948433,30.06,78,36,10,Fair,Clear,80,67,34,31
7/16/2015 19:58:58,1017.948433,30.06,78,36,10,Fair,Clear,80,67,34,31
7/16/2015 20:29:07,1018.287072,30.07,74,52,10,Fair,Clear,80,67,34,31
7/16/2015 20:59:16,1018.287072,30.07,74,52,10,Fair,Clear,80,67,34,31
7/16/2015 21:29:24,1018.287072,30.07,72,59,10,Fair,Clear,80,67,33,31
7/16/2015 21:59:32,1018.287072,30.07,72,59,10,Fair,Clear,80,67,33,31
7/16/2015 22:29:42,1018.96435,30.09,70,59,10,Fair,Clear,80,67,33,31
7/16/2015 22:59:53,1018.96435,30.09,70,59,10,Fair,Clear,80,67,33,31
7/16/2015 23:30:02,1019.302989,30.1,70,59,10,Fair,Clear,80,67,33,31
7/17/2015 0:00:10,1019.302989,30.1,70,59,10,Fair,Clear,80,67,33,31
7/17/2015 0:30:21,1019.302989,30.1,69,61,10,Fair,Clear,80,67,33,31
7/17/2015 1:00:32,1019.302989,30.1,69,61,10,Fair,Clear,80,67,33,31
7/17/2015 1:30:45,1019.641628,30.11,69,63,10,Fair,Clear,80,67,33,31
7/17/2015 2:00:54,1019.302989,30.1,69,63,10,Fair,Clear,80,67,33,31
7/17/2015 2:31:03,1019.302989,30.1,69,63,10,Fair,Clear,80,67,33,31
7/17/2015 3:01:11,1019.641628,30.11,68,68,10,Fair,Clear,80,67,33,31
7/17/2015 3:31:20,1019.641628,30.11,68,68,10,Fair,Partly Cloudy,80,71,33,30
7/17/2015 4:01:30,1019.980266,30.12,68,68,10,Fair,Partly Cloudy,80,71,33,30
7/17/2015 4:31:38,1019.980266,30.12,68,68,10,Fair,Partly Cloudy,80,71,33,30
7/17/2015 5:01:48,1019.980266,30.12,68,68,10,Fair,Partly Cloudy,80,71,33,30
7/17/2015 5:31:57,1019.980266,30.12,68,70,10,Fair,Partly Cloudy,80,71,33,30
7/17/2015 6:02:05,1019.980266,30.12,68,70,10,Fair,Partly Cloudy,80,71,33,30
7/17/2015 6:32:15,1020.318905,30.13,67,73,9,Fair,Partly Cloudy,80,71,34,30
7/17/2015 7:02:24,1020.657544,30.14,68,73,10,Fair,Partly Cloudy,79,71,34,30
7/17/2015 7:32:32,1020.657544,30.14,68,73,10,Fair,Partly Cloudy,79,71,34,30
7/17/2015 8:02:41,1020.657544,30.14,70,65,10,Fair,Partly Cloudy,79,71,34,30
7/17/2015 8:33:04,1020.657544,30.14,70,65,10,Fair,Partly Cloudy,79,71,34,30
7/17/2015 9:03:12,1020.657544,30.14,71,66,10,Fair,Partly Cloudy,79,71,34,30
7/17/2015 9:33:23,1020.657544,30.14,71,66,10,Fair,Partly Cloudy,79,71,34,30
7/17/2015 10:03:32,1020.318905,30.13,74,62,10,Fair,Partly Cloudy,79,71,34,30
7/17/2015 10:33:40,1020.318905,30.13,74,62,10,Fair,Partly Cloudy,79,71,34,30
7/17/2015 11:03:50,1020.657544,30.14,75,60,10,Partly Cloudy,Partly Cloudy,79,71,30,30
7/17/2015 11:33:58,1020.657544,30.14,75,60,10,Partly Cloudy,Partly Cloudy,79,71,30,30
7/17/2015 12:04:07,1020.657544,30.14,75,60,10,Partly Cloudy,Partly Cloudy,79,71,30,30
7/17/2015 12:34:16,1020.318905,30.13,77,58,10,Mostly Cloudy,Partly Cloudy,79,71,28,30
7/17/2015 13:04:24,1019.641628,30.11,79,52,10,Partly Cloudy,Partly Cloudy,79,71,30,30
7/17/2015 13:34:32,1019.641628,30.11,79,52,10,Partly Cloudy,Partly Cloudy,79,71,30,30
7/17/2015 14:04:41,1019.302989,30.1,79,52,10,Mostly Cloudy,Partly Cloudy,80,71,28,30
7/17/2015 14:34:49,1019.302989,30.1,79,52,10,Mostly Cloudy,Partly Cloudy,80,71,28,30
7/17/2015 15:04:58,1018.96435,30.09,79,50,10,Fair,Partly Cloudy,80,71,34,30
7/17/2015 15:35:08,1018.96435,30.09,79,50,10,Fair,Showers Late,80,71,34,45
7/17/2015 16:05:17,1018.625711,30.08,78,52,10,Fair,Showers Late,80,71,34,45
7/17/2015 16:35:26,1018.625711,30.08,78,52,10,Fair,Showers Late,80,71,34,45
7/17/2015 17:05:35,1018.287072,30.07,77,52,10,Fair,Showers Late,80,71,34,45
7/17/2015 17:35:45,1018.287072,30.07,77,52,10,Fair,Mostly Cloudy,80,71,34,27
7/17/2015 18:05:56,1017.609794,30.05,75,53,10,Fair,Mostly Cloudy,80,71,34,27
7/17/2015 18:36:06,1017.609794,30.05,75,53,10,Fair,Mostly Cloudy,80,71,34,27
7/17/2015 19:06:16,1017.609794,30.05,75,53,10,Fair,Mostly Cloudy,80,71,34,27
7/17/2015 19:36:25,1017.609794,30.05,75,53,10,Fair,Mostly Cloudy,80,71,34,27
7/17/2015 20:06:34,1017.948433,30.06,74,55,10,Fair,Mostly Cloudy,80,71,34,27
7/17/2015 20:36:44,1017.948433,30.06,74,55,10,Fair,Partly Cloudy,80,71,34,29
7/17/2015 21:06:53,1017.948433,30.06,73,61,10,Fair,Partly Cloudy,80,71,33,29
7/17/2015 21:37:02,1017.948433,30.06,73,61,10,Fair,Partly Cloudy,80,71,33,29
7/17/2015 22:07:11,1018.287072,30.07,72,66,10,Partly Cloudy,Mostly Cloudy,80,71,29,27
7/17/2015 22:37:19,1018.287072,30.07,72,66,10,Partly Cloudy,Mostly Cloudy,80,71,29,27
7/17/2015 23:07:27,1018.287072,30.07,73,66,10,Mostly Cloudy,Mostly Cloudy,80,71,27,27
7/17/2015 23:37:36,1018.287072,30.07,73,66,10,Mostly Cloudy,Partly Cloudy,80,71,27,29
7/18/2015 0:07:48,1017.948433,30.06,73,66,10,Mostly Cloudy,Partly Cloudy,80,71,27,29
7/18/2015 0:37:58,1017.948433,30.06,73,66,10,Mostly Cloudy,Cloudy,80,71,27,26
7/18/2015 1:08:07,1017.609794,30.05,73,66,10,Cloudy,Cloudy,80,71,26,26
7/18/2015 1:38:15,1017.609794,30.05,73,66,10,Cloudy,Cloudy,80,71,26,26
7/18/2015 2:08:23,1017.271155,30.04,73,68,10,Cloudy,Cloudy,80,71,26,26
7/18/2015 2:38:33,1017.271155,30.04,73,68,10,Cloudy,Cloudy,80,71,26,26
7/18/2015 3:08:41,1016.932517,30.03,74,66,10,Cloudy,Cloudy,80,71,26,26
7/18/2015 3:38:50,1016.932517,30.03,74,66,10,Cloudy,PM Thunderstorms,85,75,26,38
7/18/2015 4:08:58,1016.255239,30.01,73,68,10,Cloudy,PM Thunderstorms,85,75,26,38
7/18/2015 4:39:06,1016.255239,30.01,73,68,10,Cloudy,Scattered Thunderstorms,85,75,26,38
7/18/2015 5:09:14,1016.255239,30.01,74,64,10,Cloudy,Scattered Thunderstorms,85,75,26,38
7/18/2015 5:39:23,1016.255239,30.01,74,64,10,Cloudy,Scattered Thunderstorms,85,75,26,38
7/18/2015 6:09:32,1016.255239,30.01,74,66,10,Cloudy,Isolated Thunderstorms,85,75,26,37
7/18/2015 6:39:42,1016.255239,30.01,74,66,10,Cloudy,Isolated Thunderstorms,85,75,26,37
7/18/2015 7:09:51,1015.9166,30,74,68,10,Cloudy,Scattered Thunderstorms,85,75,26,38
7/18/2015 7:40:00,1015.9166,30,74,68,10,Cloudy,Scattered Thunderstorms,85,75,26,38
7/18/2015 8:10:08,1016.255239,30.01,75,69,10,Cloudy,Scattered Thunderstorms,85,75,26,38
7/18/2015 8:40:17,1016.255239,30.01,75,69,10,Cloudy,Scattered Thunderstorms,85,75,26,38
7/18/2015 9:10:26,1016.255239,30.01,71,87,0.5,Heavy Rain,Scattered Thunderstorms,85,75,12,38
7/18/2015 9:40:35,1015.577961,29.99,71,90,6,Cloudy,Scattered Thunderstorms,86,75,26,38
7/18/2015 10:10:43,1015.239322,29.98,72,91,4,Light Rain,Scattered Thunderstorms,86,75,11,38
7/18/2015 10:40:53,1015.239322,29.98,74,87,7,Partly Cloudy,Scattered Thunderstorms,86,75,30,38
7/18/2015 11:11:01,1015.577961,29.99,74,85,10,Partly Cloudy,Scattered Thunderstorms,86,75,30,38
7/18/2015 11:41:10,1015.577961,29.99,74,85,10,Partly Cloudy,Scattered Thunderstorms,86,75,30,38
7/18/2015 12:11:20,1015.577961,29.99,78,81,9,Partly Cloudy,Scattered Thunderstorms,86,75,30,38
7/18/2015 12:41:29,1015.577961,29.99,78,79,10,Mostly Cloudy,Partly Cloudy,84,75,28,30
7/18/2015 13:11:37,1015.239322,29.98,77,79,8,Cloudy,Partly Cloudy,84,75,26,30
7/18/2015 13:41:46,1015.239322,29.98,77,79,8,Cloudy,Partly Cloudy,84,75,26,30
7/18/2015 14:11:55,1014.223406,29.95,79,77,8,Partly Cloudy,Cloudy,85,75,30,26
7/18/2015 14:42:03,1014.223406,29.95,79,77,8,Partly Cloudy,Cloudy,85,75,30,26
7/18/2015 15:12:12,1013.884767,29.94,83,67,8,Mostly Cloudy,Cloudy,85,75,28,26
7/18/2015 15:42:22,1013.884767,29.94,83,67,8,Mostly Cloudy,Partly Cloudy,85,75,28,29
7/18/2015 16:12:30,1013.546128,29.93,84,67,8,Fair,Partly Cloudy,85,75,34,29
7/18/2015 16:42:39,1013.546128,29.93,84,67,8,Fair,Partly Cloudy,85,75,34,29
7/18/2015 17:12:51,1013.207489,29.92,82,71,9,Mostly Cloudy,Partly Cloudy,85,75,28,29
7/18/2015 17:43:00,1013.207489,29.92,83,69,9,Mostly Cloudy,Partly Cloudy,85,76,28,29
7/18/2015 18:13:09,1013.207489,29.92,82,71,9,Mostly Cloudy,Partly Cloudy,85,76,28,29
7/18/2015 18:43:17,1013.207489,29.92,82,71,9,Mostly Cloudy,Partly Cloudy,85,76,28,29
7/18/2015 19:13:26,1012.86885,29.91,83,69,9,Partly Cloudy,Partly Cloudy,85,76,30,29
7/18/2015 19:43:34,1012.86885,29.91,83,69,9,Partly Cloudy,Partly Cloudy,85,75,30,29
7/18/2015 20:13:43,1012.530211,29.9,83,67,9,Fair,Partly Cloudy,85,75,34,29
7/18/2015 20:43:51,1012.530211,29.9,83,67,9,Fair,Partly Cloudy,85,75,34,29
7/18/2015 21:14:00,1012.530211,29.9,83,67,10,Fair,Partly Cloudy,85,75,33,29
7/18/2015 21:44:08,1012.530211,29.9,83,67,10,Fair,Partly Cloudy,85,75,33,29
7/18/2015 22:14:17,1012.86885,29.91,83,67,9,Fair,Scattered Thunderstorms,85,75,33,47
7/18/2015 22:44:25,1012.86885,29.91,83,67,9,Fair,Scattered Thunderstorms,85,75,33,47
7/18/2015 23:14:35,1012.530211,29.9,82,69,10,Mostly Cloudy,Partly Cloudy,85,75,27,29
7/18/2015 23:44:46,1012.530211,29.9,82,69,10,Mostly Cloudy,Partly Cloudy,85,75,27,29
7/19/2015 0:14:55,1012.191572,29.89,82,67,10,Fair,Partly Cloudy,85,75,33,29
7/19/2015 0:45:05,1012.191572,29.89,82,67,10,Fair,Partly Cloudy,85,75,33,29
7/19/2015 1:15:14,1012.530211,29.9,80,71,10,Fair,Partly Cloudy,85,75,33,29
7/19/2015 1:45:24,1012.530211,29.9,80,71,10,Fair,Partly Cloudy,85,75,33,29
7/19/2015 2:15:33,1012.530211,29.9,80,74,10,Fair,Partly Cloudy,85,75,33,29
7/19/2015 2:45:41,1012.530211,29.9,80,74,10,Fair,Partly Cloudy,85,75,33,29
7/19/2015 3:15:50,1012.191572,29.89,80,69,10,Fair,Partly Cloudy,92,78,33,30
7/19/2015 3:45:59,1012.191572,29.89,80,69,10,Fair,Partly Cloudy,92,78,33,30
7/19/2015 4:16:08,1011.852934,29.88,79,74,10,Fair,Partly Cloudy,92,78,33,30
7/19/2015 4:46:17,1011.852934,29.88,79,74,10,Fair,Partly Cloudy,92,78,33,30
7/19/2015 5:16:25,1011.514295,29.87,78,71,10,Fair,Partly Cloudy,92,78,33,30
7/19/2015 5:46:34,1011.514295,29.87,78,71,10,Fair,Partly Cloudy,93,78,33,30
7/19/2015 6:16:42,1011.852934,29.88,78,71,10,Fair,Partly Cloudy,93,78,34,30
7/19/2015 6:46:52,1011.852934,29.88,78,71,10,Fair,Partly Cloudy,93,78,34,30
7/19/2015 7:17:00,1012.191572,29.89,78,74,10,Fair,Sunny,92,78,34,32
7/19/2015 7:47:08,1012.191572,29.89,78,74,10,Fair,Sunny,92,78,34,32
7/19/2015 8:17:18,1012.191572,29.89,78,74,10,Fair,Sunny,92,78,34,32
7/19/2015 8:47:26,1012.191572,29.89,78,74,10,Fair,Sunny,92,78,34,32
7/19/2015 9:17:34,1012.191572,29.89,82,65,10,Fair,Sunny,92,78,34,32
7/19/2015 9:47:43,1012.191572,29.89,82,65,10,Fair,Sunny,91,78,34,32
7/19/2015 10:17:52,1011.852934,29.88,84,58,10,Fair,Sunny,91,78,34,32
7/19/2015 10:48:00,1011.852934,29.88,84,58,10,Fair,Sunny,91,78,34,32
7/19/2015 11:18:09,1011.852934,29.88,87,55,10,Fair,Sunny,90,78,34,32
7/19/2015 11:48:18,1011.852934,29.88,87,55,10,Fair,Sunny,90,78,34,32
7/19/2015 12:18:26,1011.514295,29.87,90,50,10,Fair,Sunny,90,78,34,32
7/19/2015 12:48:36,1011.514295,29.87,90,50,10,Fair,Sunny,91,78,34,32
7/19/2015 13:18:46,1011.175656,29.86,91,50,10,Fair,Sunny,91,78,34,32
7/19/2015 13:48:54,1011.175656,29.86,91,50,10,Fair,Sunny,91,78,34,32
7/19/2015 14:19:02,1010.498378,29.84,93,49,9,Fair,Sunny,91,78,34,32
7/19/2015 14:49:11,1010.498378,29.84,93,49,9,Fair,Sunny,91,78,34,32
7/19/2015 15:19:19,1010.159739,29.83,92,55,8,Partly Cloudy,Partly Cloudy,91,78,30,29
7/19/2015 15:49:28,1010.159739,29.83,92,55,8,Partly Cloudy,Partly Cloudy,91,78,30,29
7/19/2015 16:19:37,1009.8211,29.82,91,55,8,Partly Cloudy,Partly Cloudy,91,78,30,29
7/19/2015 16:49:46,1009.8211,29.82,91,55,8,Partly Cloudy,Mostly Cloudy,91,78,30,27
7/19/2015 17:19:55,1009.143823,29.8,91,57,9,Fair,Mostly Cloudy,91,78,34,27
7/19/2015 17:50:04,1009.143823,29.8,91,57,9,Fair,Mostly Cloudy,91,78,34,27
7/19/2015 18:20:13,1008.127906,29.77,91,52,10,Partly Cloudy,Mostly Cloudy,91,78,30,27
7/19/2015 18:50:22,1008.127906,29.77,91,52,10,Partly Cloudy,Mostly Cloudy,91,78,30,27
7/19/2015 19:20:31,1008.127906,29.77,91,48,10,Partly Cloudy,Mostly Cloudy,91,78,30,27
7/19/2015 19:21:53,1008.127906,29.77,91,48,10,Partly Cloudy,Mostly Cloudy,91,78,30,27
7/19/2015 19:50:40,1008.127906,29.77,91,48,10,Partly Cloudy,Mostly Cloudy,91,78,30,27
7/19/2015 20:20:49,1008.466545,29.78,90,50,10,Fair,Mostly Cloudy,91,78,34,27
7/19/2015 20:50:57,1008.466545,29.78,90,50,10,Fair,Mostly Cloudy,91,78,34,27
07/19/2015/ 21:55:00,1008.127906,29.77,89,53,9,Fair,PM Thunderstorms,91,78,33,
07/20/2015/ 09:27:41,1008.127906,29.77,85,55,10,Fair,Partly Cloudy,91,77,34,
07/20/2015/ 11:34:55,1007.450628,29.75,88,48,10,Fair,AM Clouds/PM Sun,92,77,34,
07/20/2015/ 12:04:58,1007.450628,29.75,88,48,10,Fair,AM Clouds/PM Sun,92,77,34,
07/20/2015/ 12:35:02,1007.111989,29.74,91,44,10,Fair,AM Clouds/PM Sun,92,77,34,
07/20/2015/ 13:05:05,1007.111989,29.74,91,44,10,Fair,AM Clouds/PM Sun,92,77,34,
07/20/2015/ 13:35:09,1006.773351,29.73,92,42,10,Partly Cloudy,AM Clouds/PM Sun,92,77,30,
07/20/2015/ 14:05:12,1006.434712,29.72,93,44,10,Mostly Cloudy,AM Clouds/PM Sun,92,76,28,
07/20/2015/ 14:35:25,1006.434712,29.72,93,44,10,Mostly Cloudy,AM Clouds/PM Sun,92,76,28,
07/20/2015/ 15:05:32,1006.434712,29.72,93,44,10,Mostly Cloudy,AM Clouds/PM Sun,92,76,28,
07/20/2015/ 15:35:39,1006.096073,29.71,93,44,10,Partly Cloudy,Partly Cloudy,92,77,30,
07/20/2015/ 16:05:42,1006.096073,29.71,91,45,10,Mostly Cloudy,Partly Cloudy,92,77,28,
07/20/2015/ 16:35:46,1006.096073,29.71,91,45,10,Mostly Cloudy,AM Clouds/PM Sun,92,76,28,
07/20/2015/ 17:05:50,1006.096073,29.71,92,44,10,Partly Cloudy,AM Clouds/PM Sun,92,76,30,
07/20/2015/ 17:35:54,1006.096073,29.71,92,44,10,Partly Cloudy,Mostly Cloudy,92,76,30,
07/20/2015/ 18:05:57,1006.096073,29.71,92,44,10,Partly Cloudy,Mostly Cloudy,92,76,30,
07/20/2015/ 18:36:01,1005.418795,29.69,92,44,10,Partly Cloudy,Mostly Cloudy,92,76,30,
07/20/2015/ 19:06:04,1005.418795,29.69,91,44,10,Partly Cloudy,Mostly Cloudy,92,76,30,
07/20/2015/ 19:36:07,1005.418795,29.69,91,44,10,Partly Cloudy,Mostly Cloudy,92,76,30,
07/20/2015/ 20:07:41,1005.418795,29.69,90,48,10,Mostly Cloudy,Mostly Cloudy,92,76,28,
07/20/2015/ 20:37:44,1005.418795,29.69,90,48,10,Mostly Cloudy,Cloudy,92,76,28,
07/20/2015/ 21:07:49,1005.757434,29.7,88,49,10,Fair,Cloudy,92,76,33,
07/20/2015/ 21:37:54,1005.757434,29.7,88,49,10,Fair,Cloudy,92,76,33,
07/20/2015/ 22:07:58,1006.434712,29.72,87,49,10,Fair,Cloudy,92,76,33,
07/20/2015/ 22:38:01,1006.434712,29.72,87,49,10,Fair,Cloudy,92,76,33,
07/20/2015/ 23:08:05,1006.434712,29.72,86,53,10,Partly Cloudy,Cloudy,92,76,29,
07/20/2015/ 23:38:13,1006.434712,29.72,86,53,10,Partly Cloudy,Mostly Cloudy,92,77,29,
07/21/2015/ 00:08:16,1006.096073,29.71,85,53,10,Partly Cloudy,Mostly Cloudy,92,77,29,
07/21/2015/ 00:38:21,1006.096073,29.71,85,53,10,Partly Cloudy,Mostly Cloudy,92,77,29,
07/21/2015/ 01:08:25,1005.757434,29.7,84,56,10,Fair,Mostly Cloudy,92,77,33,
07/21/2015/ 01:38:29,1005.757434,29.7,84,56,10,Fair,Mostly Cloudy,92,77,33,
07/21/2015/ 02:08:31,1005.418795,29.69,83,58,10,Partly Cloudy,Mostly Cloudy,92,77,29,
07/21/2015/ 02:38:35,1005.418795,29.69,83,58,10,Partly Cloudy,Mostly Cloudy,92,77,29,
07/21/2015/ 03:08:39,1005.418795,29.69,83,54,10,Partly Cloudy,Mostly Cloudy,92,77,29,
07/23/2015/ 11:07:59,1014.223406,29.95,78,37,10,Fair,Mostly Sunny,86,68,34,
07/23/2015/ 11:38:03,1014.223406,29.95,78,37,10,Fair,Mostly Sunny,84,68,34,
07/23/2015/ 12:08:08,1013.884767,29.94,81,30,10,Fair,Mostly Sunny,84,68,34,
07/23/2015/ 12:38:12,1013.884767,29.94,81,30,10,Fair,Mostly Sunny,85,69,34,
07/23/2015/ 13:08:17,1013.884767,29.94,81,30,10,Fair,Mostly Sunny,85,69,34,
07/23/2015/ 13:38:22,1013.546128,29.93,83,27,10,Fair,Mostly Sunny,85,69,34,
07/23/2015/ 14:08:27,1013.207489,29.92,84,28,10,Partly Cloudy,Mostly Sunny,85,68,30,
07/23/2015/ 14:38:32,1013.207489,29.92,84,28,10,Partly Cloudy,Mostly Sunny,85,68,30,
07/23/2015/ 15:08:37,1013.207489,29.92,84,29,10,Mostly Cloudy,Mostly Sunny,85,68,28,
07/23/2015/ 15:38:42,1013.207489,29.92,84,29,10,Mostly Cloudy,Mostly Sunny,85,68,28,
07/23/2015/ 16:08:47,1012.86885,29.91,83,32,10,Partly Cloudy,Mostly Sunny,85,68,30,
07/23/2015/ 16:38:52,1012.86885,29.91,83,32,10,Partly Cloudy,Mostly Sunny,85,68,30,
07/23/2015/ 17:08:55,1012.86885,29.91,83,31,10,Partly Cloudy,Mostly Sunny,85,68,30,
07/23/2015/ 17:39:00,1012.86885,29.91,83,31,10,Partly Cloudy,Mostly Sunny,85,69,30,
07/23/2015/ 18:09:03,1012.86885,29.91,83,29,10,Fair,Mostly Sunny,85,69,34,
07/23/2015/ 18:39:08,1012.86885,29.91,83,29,10,Fair,Mostly Sunny,85,69,34,
07/23/2015/ 19:09:12,1012.86885,29.91,82,29,10,Partly Cloudy,Mostly Sunny,85,69,30,
07/23/2015/ 19:39:16,1012.86885,29.91,82,29,10,Partly Cloudy,Mostly Sunny,85,68,30,
07/23/2015/ 20:09:19,1013.207489,29.92,80,30,10,Fair,Mostly Sunny,85,68,34,
07/23/2015/ 20:39:23,1013.207489,29.92,80,30,10,Fair,Mostly Sunny,85,68,34,
07/23/2015/ 21:09:28,1013.546128,29.93,77,37,10,Fair,Mostly Sunny,85,68,33,
07/23/2015/ 21:39:31,1013.546128,29.93,77,37,10,Fair,Mostly Sunny,85,68,33,
07/23/2015/ 22:09:34,1013.884767,29.94,76,37,10,Fair,Mostly Sunny,85,68,33,
07/23/2015/ 22:39:37,1013.884767,29.94,76,37,10,Fair,Mostly Sunny,85,68,33,
07/23/2015/ 23:09:41,1013.884767,29.94,75,38,10,Fair,Mostly Sunny,85,68,33,
07/23/2015/ 23:39:44,1013.884767,29.94,75,38,10,Fair,Mostly Sunny,85,68,33,
07/24/2015/ 00:09:48,1013.884767,29.94,74,40,10,Fair,Mostly Sunny,85,68,33,
07/24/2015/ 00:39:51,1013.884767,29.94,74,40,10,Fair,Mostly Sunny,85,68,33,
07/24/2015/ 01:09:56,1014.223406,29.95,74,41,10,Mostly Cloudy,Mostly Sunny,85,68,27,
07/24/2015/ 01:39:59,1014.223406,29.95,74,41,10,Mostly Cloudy,Mostly Sunny,85,68,27,
07/24/2015/ 02:10:03,1014.223406,29.95,75,40,10,Cloudy,Mostly Sunny,85,68,26,
07/24/2015/ 02:40:06,1014.223406,29.95,75,40,10,Cloudy,Mostly Sunny,85,68,26,
07/24/2015/ 03:10:10,1014.223406,29.95,75,38,10,Mostly Cloudy,Sunny,86,70,27,